motion_planner,path_efficiency
AStarPlanner,0.90625
AStarPlanner,0.8846153846153846
AStarPlanner,0.9285714285714286
AStarPlanner,0.8125
AStarPlanner,0.3076923076923077
AStarPlanner,0.8181818181818182
AStarPlanner,0.8596491228070176
AStarPlanner,0.9047619047619048
AStarPlanner,0.28205128205128205
AStarPlanner,0.7866666666666666
AStarPlanner,0.8571428571428571
AStarPlanner,0.75
AStarPlanner,0.8064516129032258
AStarPlanner,0.8620689655172413
AStarPlanner,0.9047619047619048
AStarPlanner,0.8947368421052632
AStarPlanner,0.7090909090909091
AStarPlanner,0.4117647058823529
AStarPlanner,0.32142857142857145
AStarPlanner,0.8461538461538461
AStarPlanner,0.8461538461538461
AStarPlanner,0.28735632183908044
AStarPlanner,0.65
AStarPlanner,0.4782608695652174
AStarPlanner,0.3770491803278688
AStarPlanner,0.8636363636363636
AStarPlanner,0.36538461538461536
AStarPlanner,0.8181818181818182
AStarPlanner,0.84
AStarPlanner,0.3076923076923077
AStarPlanner,0.8518518518518519
AStarPlanner,0.7647058823529411
AStarPlanner,0.8666666666666667
AStarPlanner,0.32142857142857145
AStarPlanner,0.8305084745762712
AStarPlanner,0.6455696202531646
AStarPlanner,0.8928571428571429
AStarPlanner,0.4
AStarPlanner,0.8529411764705882
AStarPlanner,0.8888888888888888
AStarPlanner,0.5434782608695652
AStarPlanner,0.5841584158415841
AStarPlanner,0.2857142857142857
AStarPlanner,0.3333333333333333
AStarPlanner,0.8947368421052632
AStarPlanner,0.09090909090909091
AStarPlanner,0.8
AStarPlanner,0.7878787878787878
AStarPlanner,0.22330097087378642
AStarPlanner,0.20930232558139536
AStarPlanner,0.7931034482758621
AStarPlanner,0.4936708860759494
AStarPlanner,0.21739130434782608
AStarPlanner,0.5
AStarPlanner,0.7931034482758621
AStarPlanner,0.9259259259259259
AStarPlanner,0.8666666666666667
AStarPlanner,0.3
AStarPlanner,0.6190476190476191
AStarPlanner,0.1724137931034483
AStarPlanner,0.90625
AStarPlanner,0.8846153846153846
AStarPlanner,0.9285714285714286
AStarPlanner,0.8125
AStarPlanner,0.3076923076923077
AStarPlanner,0.8181818181818182
AStarPlanner,0.8596491228070176
AStarPlanner,0.9047619047619048
AStarPlanner,0.28205128205128205
AStarPlanner,0.7866666666666666
AStarPlanner,0.8571428571428571
AStarPlanner,0.75
AStarPlanner,0.8064516129032258
AStarPlanner,0.8620689655172413
AStarPlanner,0.9047619047619048
AStarPlanner,0.8947368421052632
AStarPlanner,0.7090909090909091
AStarPlanner,0.4117647058823529
AStarPlanner,0.32142857142857145
AStarPlanner,0.5172413793103449
AStarPlanner,0.8461538461538461
AStarPlanner,0.8461538461538461
AStarPlanner,0.18571428571428572
AStarPlanner,0.30120481927710846
AStarPlanner,0.4782608695652174
AStarPlanner,0.4666666666666667
AStarPlanner,0.9047619047619048
AStarPlanner,0.3584905660377358
AStarPlanner,0.5454545454545454
AStarPlanner,0.84
AStarPlanner,0.3076923076923077
AStarPlanner,0.8214285714285714
AStarPlanner,0.4666666666666667
AStarPlanner,0.7647058823529411
AStarPlanner,0.8666666666666667
AStarPlanner,0.391304347826087
AStarPlanner,0.8305084745762712
AStarPlanner,0.6455696202531646
AStarPlanner,0.5555555555555556
AStarPlanner,0.5172413793103449
AStarPlanner,0.7894736842105263
AStarPlanner,0.8787878787878788
AStarPlanner,0.8888888888888888
AStarPlanner,0.3191489361702128
AStarPlanner,0.40425531914893614
AStarPlanner,0.8222222222222222
AStarPlanner,0.8780487804878049
AStarPlanner,0.7283950617283951
AStarPlanner,0.6065573770491803
AStarPlanner,0.8857142857142857
AStarPlanner,0.8709677419354839
AStarPlanner,0.4157303370786517
AStarPlanner,0.6164383561643836
AStarPlanner,0.19480519480519481
AStarPlanner,0.4418604651162791
AStarPlanner,0.6271186440677966
AStarPlanner,0.8709677419354839
AStarPlanner,0.6888888888888889
AStarPlanner,0.6981132075471698
AStarPlanner,0.8604651162790697
AStarPlanner,0.90625
AStarPlanner,0.8846153846153846
AStarPlanner,0.9285714285714286
AStarPlanner,0.8125
AStarPlanner,0.3076923076923077
AStarPlanner,0.8181818181818182
AStarPlanner,0.8596491228070176
AStarPlanner,0.9047619047619048
AStarPlanner,0.28205128205128205
AStarPlanner,0.7866666666666666
AStarPlanner,0.8571428571428571
AStarPlanner,0.75
AStarPlanner,0.8064516129032258
AStarPlanner,0.8620689655172413
AStarPlanner,0.9047619047619048
AStarPlanner,0.8947368421052632
AStarPlanner,0.7090909090909091
AStarPlanner,0.4117647058823529
AStarPlanner,0.32142857142857145
AStarPlanner,0.5172413793103449
AStarPlanner,0.40540540540540543
AStarPlanner,0.8461538461538461
AStarPlanner,0.8461538461538461
AStarPlanner,0.7647058823529411
AStarPlanner,0.21008403361344538
AStarPlanner,0.7894736842105263
AStarPlanner,0.4782608695652174
AStarPlanner,0.9090909090909091
AStarPlanner,0.9047619047619048
AStarPlanner,0.8571428571428571
AStarPlanner,0.3877551020408163
AStarPlanner,0.7777777777777778
AStarPlanner,0.3076923076923077
AStarPlanner,0.8518518518518519
AStarPlanner,0.7647058823529411
AStarPlanner,0.8387096774193549
AStarPlanner,0.32142857142857145
AStarPlanner,0.44
AStarPlanner,0.8305084745762712
AStarPlanner,0.6455696202531646
AStarPlanner,0.8928571428571429
AStarPlanner,0.4166666666666667
AStarPlanner,0.09090909090909091
AStarPlanner,0.90625
AStarPlanner,0.6153846153846154
AStarPlanner,0.9534883720930233
AStarPlanner,0.48760330578512395
AStarPlanner,0.8636363636363636
AStarPlanner,0.5833333333333334
AStarPlanner,0.7692307692307693
AStarPlanner,0.5263157894736842
AStarPlanner,0.09565217391304348
AStarPlanner,0.782608695652174
AStarPlanner,0.33858267716535434
AStarPlanner,0.8723404255319149
AStarPlanner,0.4
AStarPlanner,0.7307692307692307
AStarPlanner,0.4666666666666667
AStarPlanner,0.2903225806451613
AStarPlanner,0.8775510204081632
AStarPlanner,0.90625
AStarPlanner,0.8846153846153846
AStarPlanner,0.9285714285714286
AStarPlanner,0.8125
AStarPlanner,0.3076923076923077
AStarPlanner,0.8181818181818182
AStarPlanner,0.8596491228070176
AStarPlanner,0.9047619047619048
AStarPlanner,0.28205128205128205
AStarPlanner,0.7866666666666666
AStarPlanner,0.8571428571428571
AStarPlanner,0.75
AStarPlanner,0.8064516129032258
AStarPlanner,0.8620689655172413
AStarPlanner,0.9047619047619048
AStarPlanner,0.8947368421052632
AStarPlanner,0.7090909090909091
AStarPlanner,0.4117647058823529
AStarPlanner,0.32142857142857145
AStarPlanner,0.5172413793103449
AStarPlanner,0.40540540540540543
AStarPlanner,0.7209302325581395
AStarPlanner,0.8461538461538461
AStarPlanner,0.8461538461538461
AStarPlanner,0.7647058823529411
AStarPlanner,0.16556291390728478
AStarPlanner,0.7894736842105263
AStarPlanner,0.4782608695652174
AStarPlanner,0.3333333333333333
AStarPlanner,0.8636363636363636
AStarPlanner,0.3584905660377358
AStarPlanner,0.8181818181818182
AStarPlanner,0.43661971830985913
AStarPlanner,0.3442622950819672
AStarPlanner,0.3076923076923077
AStarPlanner,0.8518518518518519
AStarPlanner,0.7647058823529411
AStarPlanner,0.8387096774193549
AStarPlanner,0.32142857142857145
AStarPlanner,0.7857142857142857
AStarPlanner,0.8305084745762712
AStarPlanner,0.6455696202531646
AStarPlanner,0.8928571428571429
AStarPlanner,0.4166666666666667
AStarPlanner,0.9473684210526315
AStarPlanner,0.8787878787878788
AStarPlanner,0.8412698412698413
AStarPlanner,0.631578947368421
AStarPlanner,0.7283950617283951
AStarPlanner,0.5833333333333334
AStarPlanner,0.5263157894736842
AStarPlanner,0.8
AStarPlanner,0.4074074074074074
AStarPlanner,0.6428571428571429
AStarPlanner,0.7049180327868853
AStarPlanner,0.2830188679245283
AStarPlanner,0.17543859649122806
AStarPlanner,0.8153846153846154
AStarPlanner,0.875
AStarPlanner,0.7288135593220338
AStarPlanner,0.90625
AStarPlanner,0.8846153846153846
AStarPlanner,0.9285714285714286
AStarPlanner,0.8125
AStarPlanner,0.3076923076923077
AStarPlanner,0.8181818181818182
AStarPlanner,0.8596491228070176
AStarPlanner,0.9047619047619048
AStarPlanner,0.28205128205128205
AStarPlanner,0.7866666666666666
AStarPlanner,0.8571428571428571
AStarPlanner,0.75
AStarPlanner,0.8064516129032258
AStarPlanner,0.8620689655172413
AStarPlanner,0.9047619047619048
AStarPlanner,0.8947368421052632
AStarPlanner,0.7090909090909091
AStarPlanner,0.4117647058823529
AStarPlanner,0.32142857142857145
AStarPlanner,0.5172413793103449
AStarPlanner,0.40540540540540543
AStarPlanner,0.7209302325581395
AStarPlanner,0.3023255813953488
AStarPlanner,0.8461538461538461
AStarPlanner,0.8461538461538461
AStarPlanner,0.18571428571428572
AStarPlanner,0.30120481927710846
AStarPlanner,0.7894736842105263
AStarPlanner,0.4782608695652174
AStarPlanner,0.3888888888888889
AStarPlanner,0.59375
AStarPlanner,0.36538461538461536
AStarPlanner,0.8181818181818182
AStarPlanner,0.43661971830985913
AStarPlanner,0.3939393939393939
AStarPlanner,0.7777777777777778
AStarPlanner,0.3076923076923077
AStarPlanner,0.7419354838709677
AStarPlanner,0.7647058823529411
AStarPlanner,0.41935483870967744
AStarPlanner,0.15
AStarPlanner,0.92
AStarPlanner,0.3983739837398374
AStarPlanner,0.68
AStarPlanner,0.5555555555555556
AStarPlanner,0.42857142857142855
AStarPlanner,0.8275862068965517
AStarPlanner,0.8787878787878788
AStarPlanner,0.8888888888888888
AStarPlanner,0.4583333333333333
AStarPlanner,0.6344086021505376
AStarPlanner,0.5833333333333334
AStarPlanner,0.875
AStarPlanner,0.8518518518518519
AStarPlanner,0.5068493150684932
AStarPlanner,0.4044943820224719
AStarPlanner,0.45161290322580644
AStarPlanner,0.55
AStarPlanner,0.5714285714285714
AStarPlanner,0.5068493150684932
AStarPlanner,0.90625
AStarPlanner,0.8846153846153846
AStarPlanner,0.9285714285714286
AStarPlanner,0.8125
AStarPlanner,0.3076923076923077
AStarPlanner,0.8181818181818182
AStarPlanner,0.8596491228070176
AStarPlanner,0.9047619047619048
AStarPlanner,0.28205128205128205
AStarPlanner,0.7866666666666666
AStarPlanner,0.8571428571428571
AStarPlanner,0.75
AStarPlanner,0.8064516129032258
AStarPlanner,0.8620689655172413
AStarPlanner,0.9047619047619048
AStarPlanner,0.8947368421052632
AStarPlanner,0.7090909090909091
AStarPlanner,0.4117647058823529
AStarPlanner,0.32142857142857145
AStarPlanner,0.5172413793103449
AStarPlanner,0.40540540540540543
AStarPlanner,0.7209302325581395
AStarPlanner,0.3023255813953488
AStarPlanner,0.5555555555555556
AStarPlanner,0.8461538461538461
AStarPlanner,0.8461538461538461
AStarPlanner,0.18571428571428572
AStarPlanner,0.30120481927710846
AStarPlanner,0.7894736842105263
AStarPlanner,0.4782608695652174
AStarPlanner,0.8857142857142857
AStarPlanner,0.9047619047619048
AStarPlanner,0.8571428571428571
AStarPlanner,0.3877551020408163
AStarPlanner,0.43661971830985913
AStarPlanner,0.3939393939393939
AStarPlanner,0.5555555555555556
AStarPlanner,0.7777777777777778
AStarPlanner,0.3076923076923077
AStarPlanner,0.5609756097560976
AStarPlanner,0.3391304347826087
AStarPlanner,0.4126984126984127
AStarPlanner,0.15254237288135594
AStarPlanner,0.6363636363636364
AStarPlanner,0.3983739837398374
AStarPlanner,0.390625
AStarPlanner,0.5368421052631579
AStarPlanner,0.4166666666666667
AStarPlanner,0.24324324324324326
AStarPlanner,0.8787878787878788
AStarPlanner,0.8571428571428571
AStarPlanner,0.7866666666666666
AStarPlanner,0.6326530612244898
AStarPlanner,0.2920353982300885
AStarPlanner,0.5686274509803921
AStarPlanner,0.782608695652174
AStarPlanner,0.7777777777777778
AStarPlanner,0.5686274509803921
AStarPlanner,0.27835051546391754
AStarPlanner,0.8918918918918919
AStarPlanner,0.90625
AStarPlanner,0.8846153846153846
AStarPlanner,0.9285714285714286
AStarPlanner,0.8125
AStarPlanner,0.3076923076923077
AStarPlanner,0.8181818181818182
AStarPlanner,0.8596491228070176
AStarPlanner,0.9047619047619048
AStarPlanner,0.28205128205128205
AStarPlanner,0.7866666666666666
AStarPlanner,0.8571428571428571
AStarPlanner,0.75
AStarPlanner,0.8064516129032258
AStarPlanner,0.8620689655172413
AStarPlanner,0.9047619047619048
AStarPlanner,0.8947368421052632
AStarPlanner,0.7090909090909091
AStarPlanner,0.4117647058823529
AStarPlanner,0.32142857142857145
AStarPlanner,0.5172413793103449
AStarPlanner,0.40540540540540543
AStarPlanner,0.7209302325581395
AStarPlanner,0.3023255813953488
AStarPlanner,0.5555555555555556
AStarPlanner,0.9047619047619048
AStarPlanner,0.8461538461538461
AStarPlanner,0.9047619047619048
AStarPlanner,0.8461538461538461
AStarPlanner,0.19117647058823528
AStarPlanner,0.8064516129032258
AStarPlanner,0.7894736842105263
AStarPlanner,0.4782608695652174
AStarPlanner,0.6056338028169014
AStarPlanner,0.9047619047619048
AStarPlanner,0.8571428571428571
AStarPlanner,0.38
AStarPlanner,0.4246575342465753
AStarPlanner,0.3939393939393939
AStarPlanner,0.24489795918367346
AStarPlanner,0.5319148936170213
AStarPlanner,0.7777777777777778
AStarPlanner,0.3076923076923077
AStarPlanner,0.5609756097560976
AStarPlanner,0.4126984126984127
AStarPlanner,0.1125
AStarPlanner,0.1949685534591195
AStarPlanner,0.362962962962963
AStarPlanner,0.4032258064516129
AStarPlanner,0.5483870967741935
AStarPlanner,0.42857142857142855
AStarPlanner,0.3191489361702128
AStarPlanner,0.2582781456953642
AStarPlanner,0.8787878787878788
AStarPlanner,0.6666666666666666
AStarPlanner,0.8805970149253731
AStarPlanner,0.782608695652174
AStarPlanner,0.8431372549019608
AStarPlanner,0.34285714285714286
AStarPlanner,0.8666666666666667
AStarPlanner,0.8857142857142857
AStarPlanner,0.90625
AStarPlanner,0.8846153846153846
AStarPlanner,0.9285714285714286
AStarPlanner,0.8125
AStarPlanner,0.3076923076923077
AStarPlanner,0.8181818181818182
AStarPlanner,0.8596491228070176
AStarPlanner,0.9047619047619048
AStarPlanner,0.28205128205128205
AStarPlanner,0.7866666666666666
AStarPlanner,0.8571428571428571
AStarPlanner,0.75
AStarPlanner,0.8064516129032258
AStarPlanner,0.8620689655172413
AStarPlanner,0.9047619047619048
AStarPlanner,0.8947368421052632
AStarPlanner,0.7090909090909091
AStarPlanner,0.4117647058823529
AStarPlanner,0.32142857142857145
AStarPlanner,0.5172413793103449
AStarPlanner,0.40540540540540543
AStarPlanner,0.7209302325581395
AStarPlanner,0.3023255813953488
AStarPlanner,0.5555555555555556
AStarPlanner,0.9047619047619048
AStarPlanner,0.8333333333333334
AStarPlanner,0.8461538461538461
AStarPlanner,0.9047619047619048
AStarPlanner,0.8461538461538461
AStarPlanner,0.19117647058823528
AStarPlanner,0.8064516129032258
AStarPlanner,0.5
AStarPlanner,0.7894736842105263
AStarPlanner,0.4782608695652174
AStarPlanner,0.13253012048192772
AStarPlanner,0.9047619047619048
AStarPlanner,0.2713178294573643
AStarPlanner,0.782608695652174
AStarPlanner,0.36538461538461536
AStarPlanner,0.41333333333333333
AStarPlanner,0.37142857142857144
AStarPlanner,0.5555555555555556
AStarPlanner,0.7777777777777778
AStarPlanner,0.3076923076923077
AStarPlanner,0.5609756097560976
AStarPlanner,0.4126984126984127
AStarPlanner,0.14285714285714285
AStarPlanner,0.2
AStarPlanner,0.392
AStarPlanner,0.6296296296296297
AStarPlanner,0.4032258064516129
AStarPlanner,0.6610169491525424
AStarPlanner,0.4411764705882353
AStarPlanner,0.8787878787878788
AStarPlanner,0.46153846153846156
AStarPlanner,0.6781609195402298
AStarPlanner,0.782608695652174
AStarPlanner,0.8974358974358975
AStarPlanner,0.65
AStarPlanner,0.8461538461538461
AStarPlanner,0.90625
AStarPlanner,0.8846153846153846
AStarPlanner,0.9285714285714286
AStarPlanner,0.8125
AStarPlanner,0.3076923076923077
AStarPlanner,0.8181818181818182
AStarPlanner,0.8596491228070176
AStarPlanner,0.9047619047619048
AStarPlanner,0.28205128205128205
AStarPlanner,0.7866666666666666
AStarPlanner,0.8571428571428571
AStarPlanner,0.75
AStarPlanner,0.8064516129032258
AStarPlanner,0.8620689655172413
AStarPlanner,0.9047619047619048
AStarPlanner,0.8947368421052632
AStarPlanner,0.7090909090909091
AStarPlanner,0.4117647058823529
AStarPlanner,0.32142857142857145
AStarPlanner,0.5172413793103449
AStarPlanner,0.40540540540540543
AStarPlanner,0.7209302325581395
AStarPlanner,0.3023255813953488
AStarPlanner,0.5555555555555556
AStarPlanner,0.9047619047619048
AStarPlanner,0.8333333333333334
AStarPlanner,0.5909090909090909
AStarPlanner,0.8461538461538461
AStarPlanner,0.9047619047619048
AStarPlanner,0.8461538461538461
AStarPlanner,0.19117647058823528
AStarPlanner,0.8064516129032258
AStarPlanner,0.5
AStarPlanner,0.7894736842105263
AStarPlanner,0.4782608695652174
AStarPlanner,0.14838709677419354
AStarPlanner,0.9047619047619048
AStarPlanner,0.21568627450980393
AStarPlanner,0.782608695652174
AStarPlanner,0.36538461538461536
AStarPlanner,0.41333333333333333
AStarPlanner,0.37142857142857144
AStarPlanner,0.2653061224489796
AStarPlanner,0.5555555555555556
AStarPlanner,0.7777777777777778
AStarPlanner,0.3076923076923077
AStarPlanner,0.5609756097560976
AStarPlanner,0.4126984126984127
AStarPlanner,0.13846153846153847
AStarPlanner,0.4260869565217391
AStarPlanner,0.6296296296296297
AStarPlanner,0.4032258064516129
AStarPlanner,0.6610169491525424
AStarPlanner,0.4411764705882353
AStarPlanner,0.8787878787878788
AStarPlanner,0.5106382978723404
AStarPlanner,0.6781609195402298
AStarPlanner,0.782608695652174
AStarPlanner,0.36666666666666664
AStarPlanner,0.7419354838709677
AStarPlanner,0.90625
AStarPlanner,0.8846153846153846
AStarPlanner,0.9285714285714286
AStarPlanner,0.8125
AStarPlanner,0.3076923076923077
AStarPlanner,0.8181818181818182
AStarPlanner,0.8596491228070176
AStarPlanner,0.9047619047619048
AStarPlanner,0.28205128205128205
AStarPlanner,0.7866666666666666
AStarPlanner,0.8571428571428571
AStarPlanner,0.75
AStarPlanner,0.8064516129032258
AStarPlanner,0.8620689655172413
AStarPlanner,0.9047619047619048
AStarPlanner,0.8947368421052632
AStarPlanner,0.7090909090909091
AStarPlanner,0.4117647058823529
AStarPlanner,0.32142857142857145
AStarPlanner,0.5172413793103449
AStarPlanner,0.40540540540540543
AStarPlanner,0.7209302325581395
AStarPlanner,0.3023255813953488
AStarPlanner,0.5555555555555556
AStarPlanner,0.9047619047619048
AStarPlanner,0.8333333333333334
AStarPlanner,0.5909090909090909
AStarPlanner,0.7916666666666666
AStarPlanner,0.8461538461538461
AStarPlanner,0.9047619047619048
AStarPlanner,0.8461538461538461
AStarPlanner,0.19117647058823528
AStarPlanner,0.8064516129032258
AStarPlanner,0.5
AStarPlanner,0.7894736842105263
AStarPlanner,0.4782608695652174
AStarPlanner,0.2982456140350877
AStarPlanner,0.9047619047619048
AStarPlanner,0.8571428571428571
AStarPlanner,0.38
AStarPlanner,0.4246575342465753
AStarPlanner,0.3939393939393939
AStarPlanner,0.2708333333333333
AStarPlanner,0.5555555555555556
AStarPlanner,0.7916666666666666
AStarPlanner,0.7777777777777778
AStarPlanner,0.3076923076923077
AStarPlanner,0.5609756097560976
AStarPlanner,0.4126984126984127
AStarPlanner,0.13846153846153847
AStarPlanner,0.392
AStarPlanner,0.6296296296296297
AStarPlanner,0.4032258064516129
AStarPlanner,0.6610169491525424
AStarPlanner,0.29411764705882354
AStarPlanner,0.8787878787878788
AStarPlanner,0.48
AStarPlanner,0.6781609195402298
AStarPlanner,0.782608695652174
AStarPlanner,0.85
BreadthFirstSearchPlanner,0.9354838709677419
BreadthFirstSearchPlanner,0.8846153846153846
BreadthFirstSearchPlanner,0.9285714285714286
BreadthFirstSearchPlanner,0.8125
BreadthFirstSearchPlanner,0.36363636363636365
BreadthFirstSearchPlanner,0.9230769230769231
BreadthFirstSearchPlanner,0.8909090909090909
BreadthFirstSearchPlanner,0.9047619047619048
BreadthFirstSearchPlanner,0.3548387096774194
BreadthFirstSearchPlanner,0.9076923076923077
BreadthFirstSearchPlanner,0.8571428571428571
BreadthFirstSearchPlanner,0.8888888888888888
BreadthFirstSearchPlanner,0.8064516129032258
BreadthFirstSearchPlanner,0.9259259259259259
BreadthFirstSearchPlanner,0.95
BreadthFirstSearchPlanner,0.8947368421052632
BreadthFirstSearchPlanner,0.8666666666666667
BreadthFirstSearchPlanner,0.42857142857142855
BreadthFirstSearchPlanner,0.391304347826087
BreadthFirstSearchPlanner,0.8461538461538461
BreadthFirstSearchPlanner,0.8461538461538461
BreadthFirstSearchPlanner,0.5111111111111111
BreadthFirstSearchPlanner,0.4782608695652174
BreadthFirstSearchPlanner,0.8064516129032258
BreadthFirstSearchPlanner,0.8125
BreadthFirstSearchPlanner,0.475
BreadthFirstSearchPlanner,0.9047619047619048
BreadthFirstSearchPlanner,0.3829787234042553
BreadthFirstSearchPlanner,0.21052631578947367
BreadthFirstSearchPlanner,0.32142857142857145
BreadthFirstSearchPlanner,0.4588235294117647
BreadthFirstSearchPlanner,0.84
BreadthFirstSearchPlanner,0.8214285714285714
BreadthFirstSearchPlanner,0.2857142857142857
BreadthFirstSearchPlanner,0.5813953488372093
BreadthFirstSearchPlanner,0.7101449275362319
BreadthFirstSearchPlanner,0.8888888888888888
BreadthFirstSearchPlanner,0.8387096774193549
BreadthFirstSearchPlanner,0.6623376623376623
BreadthFirstSearchPlanner,0.90625
BreadthFirstSearchPlanner,0.9111111111111111
BreadthFirstSearchPlanner,0.352112676056338
BreadthFirstSearchPlanner,0.9076923076923077
BreadthFirstSearchPlanner,0.696969696969697
BreadthFirstSearchPlanner,0.76
BreadthFirstSearchPlanner,0.8
BreadthFirstSearchPlanner,0.2857142857142857
BreadthFirstSearchPlanner,0.9487179487179487
BreadthFirstSearchPlanner,0.20430107526881722
BreadthFirstSearchPlanner,0.7551020408163265
BreadthFirstSearchPlanner,0.8461538461538461
BreadthFirstSearchPlanner,0.23711340206185566
BreadthFirstSearchPlanner,0.4090909090909091
BreadthFirstSearchPlanner,0.8723404255319149
BreadthFirstSearchPlanner,0.5362318840579711
BreadthFirstSearchPlanner,0.4230769230769231
BreadthFirstSearchPlanner,0.6410256410256411
BreadthFirstSearchPlanner,0.5873015873015873
BreadthFirstSearchPlanner,0.8571428571428571
BreadthFirstSearchPlanner,0.7931034482758621
BreadthFirstSearchPlanner,0.9354838709677419
BreadthFirstSearchPlanner,0.8846153846153846
BreadthFirstSearchPlanner,0.9285714285714286
BreadthFirstSearchPlanner,0.8125
BreadthFirstSearchPlanner,0.36363636363636365
BreadthFirstSearchPlanner,0.9230769230769231
BreadthFirstSearchPlanner,0.8909090909090909
BreadthFirstSearchPlanner,0.9047619047619048
BreadthFirstSearchPlanner,0.3548387096774194
BreadthFirstSearchPlanner,0.9076923076923077
BreadthFirstSearchPlanner,0.8571428571428571
BreadthFirstSearchPlanner,0.8888888888888888
BreadthFirstSearchPlanner,0.8064516129032258
BreadthFirstSearchPlanner,0.9259259259259259
BreadthFirstSearchPlanner,0.95
BreadthFirstSearchPlanner,0.8947368421052632
BreadthFirstSearchPlanner,0.8666666666666667
BreadthFirstSearchPlanner,0.42857142857142855
BreadthFirstSearchPlanner,0.391304347826087
BreadthFirstSearchPlanner,0.5357142857142857
BreadthFirstSearchPlanner,0.8461538461538461
BreadthFirstSearchPlanner,0.8461538461538461
BreadthFirstSearchPlanner,0.4666666666666667
BreadthFirstSearchPlanner,0.4782608695652174
BreadthFirstSearchPlanner,0.45454545454545453
BreadthFirstSearchPlanner,0.65
BreadthFirstSearchPlanner,0.34545454545454546
BreadthFirstSearchPlanner,0.9047619047619048
BreadthFirstSearchPlanner,0.3829787234042553
BreadthFirstSearchPlanner,0.4666666666666667
BreadthFirstSearchPlanner,0.5714285714285714
BreadthFirstSearchPlanner,0.391304347826087
BreadthFirstSearchPlanner,0.4588235294117647
BreadthFirstSearchPlanner,0.44680851063829785
BreadthFirstSearchPlanner,0.8518518518518519
BreadthFirstSearchPlanner,0.8888888888888888
BreadthFirstSearchPlanner,0.9285714285714286
BreadthFirstSearchPlanner,0.8909090909090909
BreadthFirstSearchPlanner,0.7894736842105263
BreadthFirstSearchPlanner,0.8928571428571429
BreadthFirstSearchPlanner,0.8333333333333334
BreadthFirstSearchPlanner,0.6623376623376623
BreadthFirstSearchPlanner,0.7142857142857143
BreadthFirstSearchPlanner,0.8787878787878788
BreadthFirstSearchPlanner,0.5959595959595959
BreadthFirstSearchPlanner,0.9523809523809523
BreadthFirstSearchPlanner,0.2692307692307692
BreadthFirstSearchPlanner,0.8181818181818182
BreadthFirstSearchPlanner,0.3333333333333333
BreadthFirstSearchPlanner,0.6901408450704225
BreadthFirstSearchPlanner,0.45098039215686275
BreadthFirstSearchPlanner,0.3783783783783784
BreadthFirstSearchPlanner,0.3409090909090909
BreadthFirstSearchPlanner,0.9183673469387755
BreadthFirstSearchPlanner,0.9523809523809523
BreadthFirstSearchPlanner,0.5384615384615384
BreadthFirstSearchPlanner,0.8518518518518519
BreadthFirstSearchPlanner,0.8032786885245902
BreadthFirstSearchPlanner,0.6666666666666666
BreadthFirstSearchPlanner,0.8823529411764706
BreadthFirstSearchPlanner,0.9354838709677419
BreadthFirstSearchPlanner,0.8846153846153846
BreadthFirstSearchPlanner,0.9285714285714286
BreadthFirstSearchPlanner,0.8125
BreadthFirstSearchPlanner,0.36363636363636365
BreadthFirstSearchPlanner,0.9230769230769231
BreadthFirstSearchPlanner,0.8909090909090909
BreadthFirstSearchPlanner,0.9047619047619048
BreadthFirstSearchPlanner,0.3548387096774194
BreadthFirstSearchPlanner,0.9076923076923077
BreadthFirstSearchPlanner,0.8571428571428571
BreadthFirstSearchPlanner,0.8888888888888888
BreadthFirstSearchPlanner,0.8064516129032258
BreadthFirstSearchPlanner,0.9259259259259259
BreadthFirstSearchPlanner,0.95
BreadthFirstSearchPlanner,0.8947368421052632
BreadthFirstSearchPlanner,0.8666666666666667
BreadthFirstSearchPlanner,0.42857142857142855
BreadthFirstSearchPlanner,0.391304347826087
BreadthFirstSearchPlanner,0.5357142857142857
BreadthFirstSearchPlanner,0.40540540540540543
BreadthFirstSearchPlanner,0.8461538461538461
BreadthFirstSearchPlanner,0.8461538461538461
BreadthFirstSearchPlanner,0.8
BreadthFirstSearchPlanner,0.4782608695652174
BreadthFirstSearchPlanner,0.28735632183908044
BreadthFirstSearchPlanner,0.8125
BreadthFirstSearchPlanner,0.7894736842105263
BreadthFirstSearchPlanner,0.3392857142857143
BreadthFirstSearchPlanner,0.9047619047619048
BreadthFirstSearchPlanner,0.3673469387755102
BreadthFirstSearchPlanner,0.5714285714285714
BreadthFirstSearchPlanner,0.391304347826087
BreadthFirstSearchPlanner,0.4588235294117647
BreadthFirstSearchPlanner,0.84
BreadthFirstSearchPlanner,0.8846153846153846
BreadthFirstSearchPlanner,0.7692307692307693
BreadthFirstSearchPlanner,0.8928571428571429
BreadthFirstSearchPlanner,0.8387096774193549
BreadthFirstSearchPlanner,0.7101449275362319
BreadthFirstSearchPlanner,0.8888888888888888
BreadthFirstSearchPlanner,0.5555555555555556
BreadthFirstSearchPlanner,0.7857142857142857
BreadthFirstSearchPlanner,0.6623376623376623
BreadthFirstSearchPlanner,0.8285714285714286
BreadthFirstSearchPlanner,0.9534883720930233
BreadthFirstSearchPlanner,0.6344086021505376
BreadthFirstSearchPlanner,0.6190476190476191
BreadthFirstSearchPlanner,0.6296296296296297
BreadthFirstSearchPlanner,0.8181818181818182
BreadthFirstSearchPlanner,0.5555555555555556
BreadthFirstSearchPlanner,0.4
BreadthFirstSearchPlanner,0.4857142857142857
BreadthFirstSearchPlanner,0.3142857142857143
BreadthFirstSearchPlanner,0.3783783783783784
BreadthFirstSearchPlanner,0.288135593220339
BreadthFirstSearchPlanner,0.7735849056603774
BreadthFirstSearchPlanner,0.4857142857142857
BreadthFirstSearchPlanner,0.8666666666666667
BreadthFirstSearchPlanner,0.6666666666666666
BreadthFirstSearchPlanner,0.9354838709677419
BreadthFirstSearchPlanner,0.8846153846153846
BreadthFirstSearchPlanner,0.9285714285714286
BreadthFirstSearchPlanner,0.8125
BreadthFirstSearchPlanner,0.36363636363636365
BreadthFirstSearchPlanner,0.9230769230769231
BreadthFirstSearchPlanner,0.8909090909090909
BreadthFirstSearchPlanner,0.9047619047619048
BreadthFirstSearchPlanner,0.3548387096774194
BreadthFirstSearchPlanner,0.9076923076923077
BreadthFirstSearchPlanner,0.8571428571428571
BreadthFirstSearchPlanner,0.8888888888888888
BreadthFirstSearchPlanner,0.8064516129032258
BreadthFirstSearchPlanner,0.9259259259259259
BreadthFirstSearchPlanner,0.95
BreadthFirstSearchPlanner,0.8947368421052632
BreadthFirstSearchPlanner,0.8666666666666667
BreadthFirstSearchPlanner,0.42857142857142855
BreadthFirstSearchPlanner,0.391304347826087
BreadthFirstSearchPlanner,0.5357142857142857
BreadthFirstSearchPlanner,0.40540540540540543
BreadthFirstSearchPlanner,0.8857142857142857
BreadthFirstSearchPlanner,0.8461538461538461
BreadthFirstSearchPlanner,0.8461538461538461
BreadthFirstSearchPlanner,0.3191489361702128
BreadthFirstSearchPlanner,0.4782608695652174
BreadthFirstSearchPlanner,0.30120481927710846
BreadthFirstSearchPlanner,0.8125
BreadthFirstSearchPlanner,0.43661971830985913
BreadthFirstSearchPlanner,0.7894736842105263
BreadthFirstSearchPlanner,0.34545454545454546
BreadthFirstSearchPlanner,0.9047619047619048
BreadthFirstSearchPlanner,0.3829787234042553
BreadthFirstSearchPlanner,0.21052631578947367
BreadthFirstSearchPlanner,0.391304347826087
BreadthFirstSearchPlanner,0.4588235294117647
BreadthFirstSearchPlanner,0.84
BreadthFirstSearchPlanner,0.8846153846153846
BreadthFirstSearchPlanner,0.3103448275862069
BreadthFirstSearchPlanner,0.8928571428571429
BreadthFirstSearchPlanner,0.8387096774193549
BreadthFirstSearchPlanner,0.7101449275362319
BreadthFirstSearchPlanner,0.8888888888888888
BreadthFirstSearchPlanner,0.5555555555555556
BreadthFirstSearchPlanner,0.92
BreadthFirstSearchPlanner,0.8947368421052632
BreadthFirstSearchPlanner,0.90625
BreadthFirstSearchPlanner,0.8688524590163934
BreadthFirstSearchPlanner,0.5514018691588785
BreadthFirstSearchPlanner,0.6296296296296297
BreadthFirstSearchPlanner,0.92
BreadthFirstSearchPlanner,0.8181818181818182
BreadthFirstSearchPlanner,0.4857142857142857
BreadthFirstSearchPlanner,0.2903225806451613
BreadthFirstSearchPlanner,0.30612244897959184
BreadthFirstSearchPlanner,0.6666666666666666
BreadthFirstSearchPlanner,0.6296296296296297
BreadthFirstSearchPlanner,0.32075471698113206
BreadthFirstSearchPlanner,0.8983050847457628
BreadthFirstSearchPlanner,0.6666666666666666
BreadthFirstSearchPlanner,0.9354838709677419
BreadthFirstSearchPlanner,0.8846153846153846
BreadthFirstSearchPlanner,0.9285714285714286
BreadthFirstSearchPlanner,0.8125
BreadthFirstSearchPlanner,0.36363636363636365
BreadthFirstSearchPlanner,0.9230769230769231
BreadthFirstSearchPlanner,0.8909090909090909
BreadthFirstSearchPlanner,0.9047619047619048
BreadthFirstSearchPlanner,0.3548387096774194
BreadthFirstSearchPlanner,0.9076923076923077
BreadthFirstSearchPlanner,0.8571428571428571
BreadthFirstSearchPlanner,0.8888888888888888
BreadthFirstSearchPlanner,0.8064516129032258
BreadthFirstSearchPlanner,0.9259259259259259
BreadthFirstSearchPlanner,0.95
BreadthFirstSearchPlanner,0.8947368421052632
BreadthFirstSearchPlanner,0.8666666666666667
BreadthFirstSearchPlanner,0.42857142857142855
BreadthFirstSearchPlanner,0.391304347826087
BreadthFirstSearchPlanner,0.5357142857142857
BreadthFirstSearchPlanner,0.40540540540540543
BreadthFirstSearchPlanner,0.8857142857142857
BreadthFirstSearchPlanner,0.3939393939393939
BreadthFirstSearchPlanner,0.8461538461538461
BreadthFirstSearchPlanner,0.8461538461538461
BreadthFirstSearchPlanner,0.5833333333333334
BreadthFirstSearchPlanner,0.4782608695652174
BreadthFirstSearchPlanner,0.30120481927710846
BreadthFirstSearchPlanner,0.65
BreadthFirstSearchPlanner,0.22807017543859648
BreadthFirstSearchPlanner,0.43661971830985913
BreadthFirstSearchPlanner,0.7894736842105263
BreadthFirstSearchPlanner,0.475
BreadthFirstSearchPlanner,0.9047619047619048
BreadthFirstSearchPlanner,0.3829787234042553
BreadthFirstSearchPlanner,0.5714285714285714
BreadthFirstSearchPlanner,0.391304347826087
BreadthFirstSearchPlanner,0.4588235294117647
BreadthFirstSearchPlanner,0.84
BreadthFirstSearchPlanner,0.8846153846153846
BreadthFirstSearchPlanner,0.5833333333333334
BreadthFirstSearchPlanner,0.9473684210526315
BreadthFirstSearchPlanner,0.8928571428571429
BreadthFirstSearchPlanner,0.8596491228070176
BreadthFirstSearchPlanner,0.896551724137931
BreadthFirstSearchPlanner,0.8888888888888888
BreadthFirstSearchPlanner,0.42857142857142855
BreadthFirstSearchPlanner,0.8536585365853658
BreadthFirstSearchPlanner,0.8947368421052632
BreadthFirstSearchPlanner,0.8787878787878788
BreadthFirstSearchPlanner,0.6483516483516484
BreadthFirstSearchPlanner,0.7619047619047619
BreadthFirstSearchPlanner,0.625
BreadthFirstSearchPlanner,0.7073170731707317
BreadthFirstSearchPlanner,0.9
BreadthFirstSearchPlanner,0.4090909090909091
BreadthFirstSearchPlanner,0.3684210526315789
BreadthFirstSearchPlanner,0.625
BreadthFirstSearchPlanner,0.7272727272727273
BreadthFirstSearchPlanner,0.6744186046511628
BreadthFirstSearchPlanner,0.9354838709677419
BreadthFirstSearchPlanner,0.8846153846153846
BreadthFirstSearchPlanner,0.9285714285714286
BreadthFirstSearchPlanner,0.8125
BreadthFirstSearchPlanner,0.36363636363636365
BreadthFirstSearchPlanner,0.9230769230769231
BreadthFirstSearchPlanner,0.8909090909090909
BreadthFirstSearchPlanner,0.9047619047619048
BreadthFirstSearchPlanner,0.3548387096774194
BreadthFirstSearchPlanner,0.9076923076923077
BreadthFirstSearchPlanner,0.8571428571428571
BreadthFirstSearchPlanner,0.8888888888888888
BreadthFirstSearchPlanner,0.8064516129032258
BreadthFirstSearchPlanner,0.9259259259259259
BreadthFirstSearchPlanner,0.95
BreadthFirstSearchPlanner,0.8947368421052632
BreadthFirstSearchPlanner,0.8666666666666667
BreadthFirstSearchPlanner,0.42857142857142855
BreadthFirstSearchPlanner,0.391304347826087
BreadthFirstSearchPlanner,0.5357142857142857
BreadthFirstSearchPlanner,0.40540540540540543
BreadthFirstSearchPlanner,0.8857142857142857
BreadthFirstSearchPlanner,0.3939393939393939
BreadthFirstSearchPlanner,0.5813953488372093
BreadthFirstSearchPlanner,0.8461538461538461
BreadthFirstSearchPlanner,0.8461538461538461
BreadthFirstSearchPlanner,0.9393939393939394
BreadthFirstSearchPlanner,0.4782608695652174
BreadthFirstSearchPlanner,0.28735632183908044
BreadthFirstSearchPlanner,0.8125
BreadthFirstSearchPlanner,0.43661971830985913
BreadthFirstSearchPlanner,0.48148148148148145
BreadthFirstSearchPlanner,0.7894736842105263
BreadthFirstSearchPlanner,0.3392857142857143
BreadthFirstSearchPlanner,0.9047619047619048
BreadthFirstSearchPlanner,0.3673469387755102
BreadthFirstSearchPlanner,0.5813953488372093
BreadthFirstSearchPlanner,0.5714285714285714
BreadthFirstSearchPlanner,0.391304347826087
BreadthFirstSearchPlanner,0.4588235294117647
BreadthFirstSearchPlanner,0.4117647058823529
BreadthFirstSearchPlanner,0.8214285714285714
BreadthFirstSearchPlanner,0.8888888888888888
BreadthFirstSearchPlanner,0.8928571428571429
BreadthFirstSearchPlanner,0.8387096774193549
BreadthFirstSearchPlanner,0.7101449275362319
BreadthFirstSearchPlanner,0.5555555555555556
BreadthFirstSearchPlanner,0.35714285714285715
BreadthFirstSearchPlanner,0.8888888888888888
BreadthFirstSearchPlanner,0.8360655737704918
BreadthFirstSearchPlanner,0.8529411764705882
BreadthFirstSearchPlanner,0.6226415094339622
BreadthFirstSearchPlanner,0.2894736842105263
BreadthFirstSearchPlanner,0.8857142857142857
BreadthFirstSearchPlanner,0.6941176470588235
BreadthFirstSearchPlanner,0.9
BreadthFirstSearchPlanner,0.6666666666666666
BreadthFirstSearchPlanner,0.6226415094339622
BreadthFirstSearchPlanner,0.8571428571428571
BreadthFirstSearchPlanner,0.88
BreadthFirstSearchPlanner,0.9354838709677419
BreadthFirstSearchPlanner,0.8846153846153846
BreadthFirstSearchPlanner,0.9285714285714286
BreadthFirstSearchPlanner,0.8125
BreadthFirstSearchPlanner,0.36363636363636365
BreadthFirstSearchPlanner,0.9230769230769231
BreadthFirstSearchPlanner,0.8909090909090909
BreadthFirstSearchPlanner,0.9047619047619048
BreadthFirstSearchPlanner,0.3548387096774194
BreadthFirstSearchPlanner,0.9076923076923077
BreadthFirstSearchPlanner,0.8571428571428571
BreadthFirstSearchPlanner,0.8888888888888888
BreadthFirstSearchPlanner,0.8064516129032258
BreadthFirstSearchPlanner,0.9259259259259259
BreadthFirstSearchPlanner,0.95
BreadthFirstSearchPlanner,0.8947368421052632
BreadthFirstSearchPlanner,0.8666666666666667
BreadthFirstSearchPlanner,0.42857142857142855
BreadthFirstSearchPlanner,0.391304347826087
BreadthFirstSearchPlanner,0.5357142857142857
BreadthFirstSearchPlanner,0.40540540540540543
BreadthFirstSearchPlanner,0.8857142857142857
BreadthFirstSearchPlanner,0.3939393939393939
BreadthFirstSearchPlanner,0.5813953488372093
BreadthFirstSearchPlanner,0.9047619047619048
BreadthFirstSearchPlanner,0.8461538461538461
BreadthFirstSearchPlanner,0.8461538461538461
BreadthFirstSearchPlanner,0.9047619047619048
BreadthFirstSearchPlanner,0.40186915887850466
BreadthFirstSearchPlanner,0.4782608695652174
BreadthFirstSearchPlanner,0.21739130434782608
BreadthFirstSearchPlanner,0.8125
BreadthFirstSearchPlanner,0.41333333333333333
BreadthFirstSearchPlanner,0.48148148148148145
BreadthFirstSearchPlanner,0.7894736842105263
BreadthFirstSearchPlanner,0.3392857142857143
BreadthFirstSearchPlanner,0.9047619047619048
BreadthFirstSearchPlanner,0.3673469387755102
BreadthFirstSearchPlanner,0.2857142857142857
BreadthFirstSearchPlanner,0.5813953488372093
BreadthFirstSearchPlanner,0.21052631578947367
BreadthFirstSearchPlanner,0.391304347826087
BreadthFirstSearchPlanner,0.4588235294117647
BreadthFirstSearchPlanner,0.3684210526315789
BreadthFirstSearchPlanner,0.8518518518518519
BreadthFirstSearchPlanner,0.1875
BreadthFirstSearchPlanner,0.8928571428571429
BreadthFirstSearchPlanner,0.8888888888888888
BreadthFirstSearchPlanner,0.5531914893617021
BreadthFirstSearchPlanner,0.48514851485148514
BreadthFirstSearchPlanner,0.2777777777777778
BreadthFirstSearchPlanner,0.3023255813953488
BreadthFirstSearchPlanner,0.8360655737704918
BreadthFirstSearchPlanner,0.90625
BreadthFirstSearchPlanner,0.5959595959595959
BreadthFirstSearchPlanner,0.9
BreadthFirstSearchPlanner,0.24489795918367346
BreadthFirstSearchPlanner,0.8775510204081632
BreadthFirstSearchPlanner,0.65
BreadthFirstSearchPlanner,0.5
BreadthFirstSearchPlanner,0.9354838709677419
BreadthFirstSearchPlanner,0.8846153846153846
BreadthFirstSearchPlanner,0.9285714285714286
BreadthFirstSearchPlanner,0.8125
BreadthFirstSearchPlanner,0.36363636363636365
BreadthFirstSearchPlanner,0.9230769230769231
BreadthFirstSearchPlanner,0.8909090909090909
BreadthFirstSearchPlanner,0.9047619047619048
BreadthFirstSearchPlanner,0.3548387096774194
BreadthFirstSearchPlanner,0.9076923076923077
BreadthFirstSearchPlanner,0.8571428571428571
BreadthFirstSearchPlanner,0.8888888888888888
BreadthFirstSearchPlanner,0.8064516129032258
BreadthFirstSearchPlanner,0.9259259259259259
BreadthFirstSearchPlanner,0.95
BreadthFirstSearchPlanner,0.8947368421052632
BreadthFirstSearchPlanner,0.8666666666666667
BreadthFirstSearchPlanner,0.42857142857142855
BreadthFirstSearchPlanner,0.391304347826087
BreadthFirstSearchPlanner,0.5357142857142857
BreadthFirstSearchPlanner,0.40540540540540543
BreadthFirstSearchPlanner,0.8857142857142857
BreadthFirstSearchPlanner,0.3939393939393939
BreadthFirstSearchPlanner,0.5813953488372093
BreadthFirstSearchPlanner,0.9047619047619048
BreadthFirstSearchPlanner,0.8333333333333334
BreadthFirstSearchPlanner,0.8461538461538461
BreadthFirstSearchPlanner,0.8461538461538461
BreadthFirstSearchPlanner,0.9047619047619048
BreadthFirstSearchPlanner,0.18333333333333332
BreadthFirstSearchPlanner,0.4782608695652174
BreadthFirstSearchPlanner,0.21739130434782608
BreadthFirstSearchPlanner,0.8125
BreadthFirstSearchPlanner,0.41333333333333333
BreadthFirstSearchPlanner,0.48148148148148145
BreadthFirstSearchPlanner,0.5
BreadthFirstSearchPlanner,0.7894736842105263
BreadthFirstSearchPlanner,0.3333333333333333
BreadthFirstSearchPlanner,0.9047619047619048
BreadthFirstSearchPlanner,0.3673469387755102
BreadthFirstSearchPlanner,0.39325842696629215
BreadthFirstSearchPlanner,0.5813953488372093
BreadthFirstSearchPlanner,0.21052631578947367
BreadthFirstSearchPlanner,0.391304347826087
BreadthFirstSearchPlanner,0.3684210526315789
BreadthFirstSearchPlanner,0.41935483870967744
BreadthFirstSearchPlanner,0.8518518518518519
BreadthFirstSearchPlanner,0.7090909090909091
BreadthFirstSearchPlanner,0.8928571428571429
BreadthFirstSearchPlanner,0.8888888888888888
BreadthFirstSearchPlanner,0.5531914893617021
BreadthFirstSearchPlanner,0.48514851485148514
BreadthFirstSearchPlanner,0.3
BreadthFirstSearchPlanner,0.8360655737704918
BreadthFirstSearchPlanner,0.90625
BreadthFirstSearchPlanner,0.8082191780821918
BreadthFirstSearchPlanner,0.9
BreadthFirstSearchPlanner,0.8666666666666667
BreadthFirstSearchPlanner,0.7142857142857143
BreadthFirstSearchPlanner,0.8461538461538461
BreadthFirstSearchPlanner,0.9354838709677419
BreadthFirstSearchPlanner,0.8846153846153846
BreadthFirstSearchPlanner,0.9285714285714286
BreadthFirstSearchPlanner,0.8125
BreadthFirstSearchPlanner,0.36363636363636365
BreadthFirstSearchPlanner,0.9230769230769231
BreadthFirstSearchPlanner,0.8909090909090909
BreadthFirstSearchPlanner,0.9047619047619048
BreadthFirstSearchPlanner,0.3548387096774194
BreadthFirstSearchPlanner,0.9076923076923077
BreadthFirstSearchPlanner,0.8571428571428571
BreadthFirstSearchPlanner,0.8888888888888888
BreadthFirstSearchPlanner,0.8064516129032258
BreadthFirstSearchPlanner,0.9259259259259259
BreadthFirstSearchPlanner,0.95
BreadthFirstSearchPlanner,0.8947368421052632
BreadthFirstSearchPlanner,0.8666666666666667
BreadthFirstSearchPlanner,0.42857142857142855
BreadthFirstSearchPlanner,0.391304347826087
BreadthFirstSearchPlanner,0.5357142857142857
BreadthFirstSearchPlanner,0.40540540540540543
BreadthFirstSearchPlanner,0.8857142857142857
BreadthFirstSearchPlanner,0.3939393939393939
BreadthFirstSearchPlanner,0.5813953488372093
BreadthFirstSearchPlanner,0.9047619047619048
BreadthFirstSearchPlanner,0.8333333333333334
BreadthFirstSearchPlanner,0.7222222222222222
BreadthFirstSearchPlanner,0.8461538461538461
BreadthFirstSearchPlanner,0.8461538461538461
BreadthFirstSearchPlanner,0.9047619047619048
BreadthFirstSearchPlanner,0.5609756097560976
BreadthFirstSearchPlanner,0.4782608695652174
BreadthFirstSearchPlanner,0.21739130434782608
BreadthFirstSearchPlanner,0.8125
BreadthFirstSearchPlanner,0.41333333333333333
BreadthFirstSearchPlanner,0.48148148148148145
BreadthFirstSearchPlanner,0.5
BreadthFirstSearchPlanner,0.21666666666666667
BreadthFirstSearchPlanner,0.7894736842105263
BreadthFirstSearchPlanner,0.3333333333333333
BreadthFirstSearchPlanner,0.9047619047619048
BreadthFirstSearchPlanner,0.3673469387755102
BreadthFirstSearchPlanner,0.24444444444444444
BreadthFirstSearchPlanner,0.5813953488372093
BreadthFirstSearchPlanner,0.21052631578947367
BreadthFirstSearchPlanner,0.391304347826087
BreadthFirstSearchPlanner,0.3684210526315789
BreadthFirstSearchPlanner,0.41935483870967744
BreadthFirstSearchPlanner,0.8518518518518519
BreadthFirstSearchPlanner,0.8928571428571429
BreadthFirstSearchPlanner,0.8888888888888888
BreadthFirstSearchPlanner,0.5909090909090909
BreadthFirstSearchPlanner,0.5632183908045977
BreadthFirstSearchPlanner,0.8360655737704918
BreadthFirstSearchPlanner,0.3191489361702128
BreadthFirstSearchPlanner,0.90625
BreadthFirstSearchPlanner,0.7419354838709677
BreadthFirstSearchPlanner,0.6082474226804123
BreadthFirstSearchPlanner,0.6
BreadthFirstSearchPlanner,0.36666666666666664
BreadthFirstSearchPlanner,0.9354838709677419
BreadthFirstSearchPlanner,0.8846153846153846
BreadthFirstSearchPlanner,0.9285714285714286
BreadthFirstSearchPlanner,0.8125
BreadthFirstSearchPlanner,0.36363636363636365
BreadthFirstSearchPlanner,0.9230769230769231
BreadthFirstSearchPlanner,0.8909090909090909
BreadthFirstSearchPlanner,0.9047619047619048
BreadthFirstSearchPlanner,0.3548387096774194
BreadthFirstSearchPlanner,0.9076923076923077
BreadthFirstSearchPlanner,0.8571428571428571
BreadthFirstSearchPlanner,0.8888888888888888
BreadthFirstSearchPlanner,0.8064516129032258
BreadthFirstSearchPlanner,0.9259259259259259
BreadthFirstSearchPlanner,0.95
BreadthFirstSearchPlanner,0.8947368421052632
BreadthFirstSearchPlanner,0.8666666666666667
BreadthFirstSearchPlanner,0.42857142857142855
BreadthFirstSearchPlanner,0.391304347826087
BreadthFirstSearchPlanner,0.5357142857142857
BreadthFirstSearchPlanner,0.40540540540540543
BreadthFirstSearchPlanner,0.8857142857142857
BreadthFirstSearchPlanner,0.3939393939393939
BreadthFirstSearchPlanner,0.5813953488372093
BreadthFirstSearchPlanner,0.9047619047619048
BreadthFirstSearchPlanner,0.8333333333333334
BreadthFirstSearchPlanner,0.7222222222222222
BreadthFirstSearchPlanner,0.8260869565217391
BreadthFirstSearchPlanner,0.8461538461538461
BreadthFirstSearchPlanner,0.8461538461538461
BreadthFirstSearchPlanner,0.9047619047619048
BreadthFirstSearchPlanner,0.5151515151515151
BreadthFirstSearchPlanner,0.4782608695652174
BreadthFirstSearchPlanner,0.21739130434782608
BreadthFirstSearchPlanner,0.8125
BreadthFirstSearchPlanner,0.41333333333333333
BreadthFirstSearchPlanner,0.48148148148148145
BreadthFirstSearchPlanner,0.5
BreadthFirstSearchPlanner,0.7894736842105263
BreadthFirstSearchPlanner,0.37142857142857144
BreadthFirstSearchPlanner,0.3333333333333333
BreadthFirstSearchPlanner,0.9047619047619048
BreadthFirstSearchPlanner,0.3673469387755102
BreadthFirstSearchPlanner,0.5813953488372093
BreadthFirstSearchPlanner,0.1038961038961039
BreadthFirstSearchPlanner,0.391304347826087
BreadthFirstSearchPlanner,0.8260869565217391
BreadthFirstSearchPlanner,0.41935483870967744
BreadthFirstSearchPlanner,0.8518518518518519
BreadthFirstSearchPlanner,0.8928571428571429
BreadthFirstSearchPlanner,0.84
BreadthFirstSearchPlanner,0.8888888888888888
BreadthFirstSearchPlanner,0.896551724137931
BreadthFirstSearchPlanner,0.8596491228070176
BreadthFirstSearchPlanner,0.39473684210526316
BreadthFirstSearchPlanner,0.8360655737704918
BreadthFirstSearchPlanner,0.90625
BreadthFirstSearchPlanner,0.6941176470588235
BreadthFirstSearchPlanner,0.9
BreadthFirstSearchPlanner,0.4857142857142857
DepthFirstSearchPlanner,0.18471337579617833
DepthFirstSearchPlanner,0.1678832116788321
DepthFirstSearchPlanner,0.1111111111111111
DepthFirstSearchPlanner,0.07602339181286549
DepthFirstSearchPlanner,0.04371584699453552
DepthFirstSearchPlanner,0.1323529411764706
DepthFirstSearchPlanner,0.0829103214890017
DepthFirstSearchPlanner,0.1347517730496454
DepthFirstSearchPlanner,0.2558139534883721
DepthFirstSearchPlanner,0.10825688073394496
DepthFirstSearchPlanner,0.060810810810810814
DepthFirstSearchPlanner,0.1935483870967742
DepthFirstSearchPlanner,0.0847457627118644
DepthFirstSearchPlanner,0.4782608695652174
DepthFirstSearchPlanner,0.08503401360544217
DepthFirstSearchPlanner,0.06168831168831169
DepthFirstSearchPlanner,0.09640831758034027
DepthFirstSearchPlanner,0.10290237467018469
DepthFirstSearchPlanner,0.04895104895104895
DepthFirstSearchPlanner,0.056962025316455694
DepthFirstSearchPlanner,0.3142857142857143
DepthFirstSearchPlanner,0.22448979591836735
DepthFirstSearchPlanner,0.05974025974025974
DepthFirstSearchPlanner,0.07407407407407407
DepthFirstSearchPlanner,0.125
DepthFirstSearchPlanner,0.20168067226890757
DepthFirstSearchPlanner,0.4318181818181818
DepthFirstSearchPlanner,0.30120481927710846
DepthFirstSearchPlanner,0.09127789046653144
DepthFirstSearchPlanner,0.3108108108108108
DepthFirstSearchPlanner,0.38666666666666666
DepthFirstSearchPlanner,0.06338028169014084
DepthFirstSearchPlanner,0.11206896551724138
DepthFirstSearchPlanner,0.23595505617977527
DepthFirstSearchPlanner,0.06878306878306878
DepthFirstSearchPlanner,0.2484076433121019
DepthFirstSearchPlanner,0.09523809523809523
DepthFirstSearchPlanner,0.09333333333333334
DepthFirstSearchPlanner,0.09387755102040816
DepthFirstSearchPlanner,0.31386861313868614
DepthFirstSearchPlanner,0.09251101321585903
DepthFirstSearchPlanner,0.1686746987951807
DepthFirstSearchPlanner,0.3291139240506329
DepthFirstSearchPlanner,0.07792207792207792
DepthFirstSearchPlanner,0.11888111888111888
DepthFirstSearchPlanner,0.2231404958677686
DepthFirstSearchPlanner,0.3155080213903743
DepthFirstSearchPlanner,0.11528150134048257
DepthFirstSearchPlanner,0.138996138996139
DepthFirstSearchPlanner,0.03485254691689008
DepthFirstSearchPlanner,0.16666666666666666
DepthFirstSearchPlanner,0.17562724014336917
DepthFirstSearchPlanner,0.16666666666666666
DepthFirstSearchPlanner,0.15985130111524162
DepthFirstSearchPlanner,0.11176470588235295
DepthFirstSearchPlanner,0.08626198083067092
DepthFirstSearchPlanner,0.17374517374517376
DepthFirstSearchPlanner,0.4745762711864407
DepthFirstSearchPlanner,0.21052631578947367
DepthFirstSearchPlanner,0.10723192019950124
DepthFirstSearchPlanner,0.18471337579617833
DepthFirstSearchPlanner,0.1678832116788321
DepthFirstSearchPlanner,0.1111111111111111
DepthFirstSearchPlanner,0.07602339181286549
DepthFirstSearchPlanner,0.04371584699453552
DepthFirstSearchPlanner,0.1323529411764706
DepthFirstSearchPlanner,0.0829103214890017
DepthFirstSearchPlanner,0.1347517730496454
DepthFirstSearchPlanner,0.2558139534883721
DepthFirstSearchPlanner,0.10825688073394496
DepthFirstSearchPlanner,0.060810810810810814
DepthFirstSearchPlanner,0.1935483870967742
DepthFirstSearchPlanner,0.0847457627118644
DepthFirstSearchPlanner,0.4782608695652174
DepthFirstSearchPlanner,0.08503401360544217
DepthFirstSearchPlanner,0.06168831168831169
DepthFirstSearchPlanner,0.09640831758034027
DepthFirstSearchPlanner,0.10290237467018469
DepthFirstSearchPlanner,0.04895104895104895
DepthFirstSearchPlanner,0.056962025316455694
DepthFirstSearchPlanner,0.05660377358490566
DepthFirstSearchPlanner,0.3793103448275862
DepthFirstSearchPlanner,0.08860759493670886
DepthFirstSearchPlanner,0.22448979591836735
DepthFirstSearchPlanner,0.11688311688311688
DepthFirstSearchPlanner,0.08860759493670886
DepthFirstSearchPlanner,0.03464203233256351
DepthFirstSearchPlanner,0.25806451612903225
DepthFirstSearchPlanner,0.4318181818181818
DepthFirstSearchPlanner,0.30120481927710846
DepthFirstSearchPlanner,0.3918918918918919
DepthFirstSearchPlanner,0.23711340206185566
DepthFirstSearchPlanner,0.04411764705882353
DepthFirstSearchPlanner,0.10833333333333334
DepthFirstSearchPlanner,0.025
DepthFirstSearchPlanner,0.1111111111111111
DepthFirstSearchPlanner,0.2484076433121019
DepthFirstSearchPlanner,0.047337278106508875
DepthFirstSearchPlanner,0.1926605504587156
DepthFirstSearchPlanner,0.22613065326633167
DepthFirstSearchPlanner,0.16129032258064516
DepthFirstSearchPlanner,0.16149068322981366
DepthFirstSearchPlanner,0.054373522458628844
DepthFirstSearchPlanner,0.22388059701492538
DepthFirstSearchPlanner,0.4015748031496063
DepthFirstSearchPlanner,0.07352941176470588
DepthFirstSearchPlanner,0.14285714285714285
DepthFirstSearchPlanner,0.2532188841201717
DepthFirstSearchPlanner,0.36363636363636365
DepthFirstSearchPlanner,0.20491803278688525
DepthFirstSearchPlanner,0.27071823204419887
DepthFirstSearchPlanner,0.27692307692307694
DepthFirstSearchPlanner,0.2714285714285714
DepthFirstSearchPlanner,0.2830188679245283
DepthFirstSearchPlanner,0.13761467889908258
DepthFirstSearchPlanner,0.19753086419753085
DepthFirstSearchPlanner,0.38461538461538464
DepthFirstSearchPlanner,0.11194029850746269
DepthFirstSearchPlanner,0.05813953488372093
DepthFirstSearchPlanner,0.12994350282485875
DepthFirstSearchPlanner,0.18471337579617833
DepthFirstSearchPlanner,0.1678832116788321
DepthFirstSearchPlanner,0.1111111111111111
DepthFirstSearchPlanner,0.07602339181286549
DepthFirstSearchPlanner,0.04371584699453552
DepthFirstSearchPlanner,0.1323529411764706
DepthFirstSearchPlanner,0.0829103214890017
DepthFirstSearchPlanner,0.1347517730496454
DepthFirstSearchPlanner,0.2558139534883721
DepthFirstSearchPlanner,0.10825688073394496
DepthFirstSearchPlanner,0.060810810810810814
DepthFirstSearchPlanner,0.1935483870967742
DepthFirstSearchPlanner,0.0847457627118644
DepthFirstSearchPlanner,0.4782608695652174
DepthFirstSearchPlanner,0.08503401360544217
DepthFirstSearchPlanner,0.06168831168831169
DepthFirstSearchPlanner,0.09640831758034027
DepthFirstSearchPlanner,0.10290237467018469
DepthFirstSearchPlanner,0.04895104895104895
DepthFirstSearchPlanner,0.056962025316455694
DepthFirstSearchPlanner,0.05660377358490566
DepthFirstSearchPlanner,0.16483516483516483
DepthFirstSearchPlanner,0.3793103448275862
DepthFirstSearchPlanner,0.13986013986013987
DepthFirstSearchPlanner,0.03188405797101449
DepthFirstSearchPlanner,0.14018691588785046
DepthFirstSearchPlanner,0.037037037037037035
DepthFirstSearchPlanner,0.19834710743801653
DepthFirstSearchPlanner,0.4318181818181818
DepthFirstSearchPlanner,0.30120481927710846
DepthFirstSearchPlanner,0.3918918918918919
DepthFirstSearchPlanner,0.17293233082706766
DepthFirstSearchPlanner,0.06338028169014084
DepthFirstSearchPlanner,0.2564102564102564
DepthFirstSearchPlanner,0.06565656565656566
DepthFirstSearchPlanner,0.020491803278688523
DepthFirstSearchPlanner,0.0761904761904762
DepthFirstSearchPlanner,0.25161290322580643
DepthFirstSearchPlanner,0.04819277108433735
DepthFirstSearchPlanner,0.17391304347826086
DepthFirstSearchPlanner,0.13548387096774195
DepthFirstSearchPlanner,0.2845528455284553
DepthFirstSearchPlanner,0.2184873949579832
DepthFirstSearchPlanner,0.0650887573964497
DepthFirstSearchPlanner,0.0659025787965616
DepthFirstSearchPlanner,0.060810810810810814
DepthFirstSearchPlanner,0.26153846153846155
DepthFirstSearchPlanner,0.16129032258064516
DepthFirstSearchPlanner,0.11871227364185111
DepthFirstSearchPlanner,0.36363636363636365
DepthFirstSearchPlanner,0.14767932489451477
DepthFirstSearchPlanner,0.1984126984126984
DepthFirstSearchPlanner,0.21973094170403587
DepthFirstSearchPlanner,0.26865671641791045
DepthFirstSearchPlanner,0.2375
DepthFirstSearchPlanner,0.375
DepthFirstSearchPlanner,0.20253164556962025
DepthFirstSearchPlanner,0.27058823529411763
DepthFirstSearchPlanner,0.10416666666666667
DepthFirstSearchPlanner,0.1
DepthFirstSearchPlanner,0.18471337579617833
DepthFirstSearchPlanner,0.1678832116788321
DepthFirstSearchPlanner,0.1111111111111111
DepthFirstSearchPlanner,0.07602339181286549
DepthFirstSearchPlanner,0.04371584699453552
DepthFirstSearchPlanner,0.1323529411764706
DepthFirstSearchPlanner,0.0829103214890017
DepthFirstSearchPlanner,0.1347517730496454
DepthFirstSearchPlanner,0.2558139534883721
DepthFirstSearchPlanner,0.10825688073394496
DepthFirstSearchPlanner,0.060810810810810814
DepthFirstSearchPlanner,0.1935483870967742
DepthFirstSearchPlanner,0.0847457627118644
DepthFirstSearchPlanner,0.4782608695652174
DepthFirstSearchPlanner,0.08503401360544217
DepthFirstSearchPlanner,0.06168831168831169
DepthFirstSearchPlanner,0.09640831758034027
DepthFirstSearchPlanner,0.10290237467018469
DepthFirstSearchPlanner,0.04895104895104895
DepthFirstSearchPlanner,0.056962025316455694
DepthFirstSearchPlanner,0.05660377358490566
DepthFirstSearchPlanner,0.16483516483516483
DepthFirstSearchPlanner,0.09967845659163987
DepthFirstSearchPlanner,0.3793103448275862
DepthFirstSearchPlanner,0.04504504504504504
DepthFirstSearchPlanner,0.22448979591836735
DepthFirstSearchPlanner,0.0273224043715847
DepthFirstSearchPlanner,0.024930747922437674
DepthFirstSearchPlanner,0.25263157894736843
DepthFirstSearchPlanner,0.4318181818181818
DepthFirstSearchPlanner,0.30120481927710846
DepthFirstSearchPlanner,0.16230366492146597
DepthFirstSearchPlanner,0.3918918918918919
DepthFirstSearchPlanner,0.08035714285714286
DepthFirstSearchPlanner,0.27380952380952384
DepthFirstSearchPlanner,0.11206896551724138
DepthFirstSearchPlanner,0.21637426900584794
DepthFirstSearchPlanner,0.2268041237113402
DepthFirstSearchPlanner,0.2484076433121019
DepthFirstSearchPlanner,0.05016722408026756
DepthFirstSearchPlanner,0.06666666666666667
DepthFirstSearchPlanner,0.1926605504587156
DepthFirstSearchPlanner,0.08759124087591241
DepthFirstSearchPlanner,0.04580152671755725
DepthFirstSearchPlanner,0.16049382716049382
DepthFirstSearchPlanner,0.03474903474903475
DepthFirstSearchPlanner,0.19827586206896552
DepthFirstSearchPlanner,0.20481927710843373
DepthFirstSearchPlanner,0.10416666666666667
DepthFirstSearchPlanner,0.1417624521072797
DepthFirstSearchPlanner,0.39072847682119205
DepthFirstSearchPlanner,0.36363636363636365
DepthFirstSearchPlanner,0.4
DepthFirstSearchPlanner,0.11574074074074074
DepthFirstSearchPlanner,0.24378109452736318
DepthFirstSearchPlanner,0.33962264150943394
DepthFirstSearchPlanner,0.16964285714285715
DepthFirstSearchPlanner,0.4423076923076923
DepthFirstSearchPlanner,0.06741573033707865
DepthFirstSearchPlanner,0.13953488372093023
DepthFirstSearchPlanner,0.18471337579617833
DepthFirstSearchPlanner,0.1678832116788321
DepthFirstSearchPlanner,0.1111111111111111
DepthFirstSearchPlanner,0.07602339181286549
DepthFirstSearchPlanner,0.04371584699453552
DepthFirstSearchPlanner,0.1323529411764706
DepthFirstSearchPlanner,0.0829103214890017
DepthFirstSearchPlanner,0.1347517730496454
DepthFirstSearchPlanner,0.2558139534883721
DepthFirstSearchPlanner,0.10825688073394496
DepthFirstSearchPlanner,0.060810810810810814
DepthFirstSearchPlanner,0.1935483870967742
DepthFirstSearchPlanner,0.0847457627118644
DepthFirstSearchPlanner,0.4782608695652174
DepthFirstSearchPlanner,0.08503401360544217
DepthFirstSearchPlanner,0.06168831168831169
DepthFirstSearchPlanner,0.09640831758034027
DepthFirstSearchPlanner,0.10290237467018469
DepthFirstSearchPlanner,0.04895104895104895
DepthFirstSearchPlanner,0.056962025316455694
DepthFirstSearchPlanner,0.05660377358490566
DepthFirstSearchPlanner,0.16483516483516483
DepthFirstSearchPlanner,0.09967845659163987
DepthFirstSearchPlanner,0.07692307692307693
DepthFirstSearchPlanner,0.3793103448275862
DepthFirstSearchPlanner,0.03932584269662921
DepthFirstSearchPlanner,0.22448979591836735
DepthFirstSearchPlanner,0.0273224043715847
DepthFirstSearchPlanner,0.11538461538461539
DepthFirstSearchPlanner,0.0896551724137931
DepthFirstSearchPlanner,0.25263157894736843
DepthFirstSearchPlanner,0.37254901960784315
DepthFirstSearchPlanner,0.18796992481203006
DepthFirstSearchPlanner,0.1657754010695187
DepthFirstSearchPlanner,0.3918918918918919
DepthFirstSearchPlanner,0.08571428571428572
DepthFirstSearchPlanner,0.055900621118012424
DepthFirstSearchPlanner,0.10267857142857142
DepthFirstSearchPlanner,0.29545454545454547
DepthFirstSearchPlanner,0.09535452322738386
DepthFirstSearchPlanner,0.06666666666666667
DepthFirstSearchPlanner,0.10126582278481013
DepthFirstSearchPlanner,0.058333333333333334
DepthFirstSearchPlanner,0.22916666666666666
DepthFirstSearchPlanner,0.13725490196078433
DepthFirstSearchPlanner,0.23076923076923078
DepthFirstSearchPlanner,0.15853658536585366
DepthFirstSearchPlanner,0.10576923076923077
DepthFirstSearchPlanner,0.08527131782945736
DepthFirstSearchPlanner,0.2537313432835821
DepthFirstSearchPlanner,0.25862068965517243
DepthFirstSearchPlanner,0.39072847682119205
DepthFirstSearchPlanner,0.23529411764705882
DepthFirstSearchPlanner,0.2808988764044944
DepthFirstSearchPlanner,0.1821561338289963
DepthFirstSearchPlanner,0.391304347826087
DepthFirstSearchPlanner,0.17272727272727273
DepthFirstSearchPlanner,0.4074074074074074
DepthFirstSearchPlanner,0.21875
DepthFirstSearchPlanner,0.18181818181818182
DepthFirstSearchPlanner,0.18471337579617833
DepthFirstSearchPlanner,0.1678832116788321
DepthFirstSearchPlanner,0.1111111111111111
DepthFirstSearchPlanner,0.07602339181286549
DepthFirstSearchPlanner,0.04371584699453552
DepthFirstSearchPlanner,0.1323529411764706
DepthFirstSearchPlanner,0.0829103214890017
DepthFirstSearchPlanner,0.1347517730496454
DepthFirstSearchPlanner,0.2558139534883721
DepthFirstSearchPlanner,0.10825688073394496
DepthFirstSearchPlanner,0.060810810810810814
DepthFirstSearchPlanner,0.1935483870967742
DepthFirstSearchPlanner,0.0847457627118644
DepthFirstSearchPlanner,0.4782608695652174
DepthFirstSearchPlanner,0.08503401360544217
DepthFirstSearchPlanner,0.06168831168831169
DepthFirstSearchPlanner,0.09640831758034027
DepthFirstSearchPlanner,0.10290237467018469
DepthFirstSearchPlanner,0.04895104895104895
DepthFirstSearchPlanner,0.056962025316455694
DepthFirstSearchPlanner,0.05660377358490566
DepthFirstSearchPlanner,0.16483516483516483
DepthFirstSearchPlanner,0.09967845659163987
DepthFirstSearchPlanner,0.07692307692307693
DepthFirstSearchPlanner,0.056433408577878104
DepthFirstSearchPlanner,0.3333333333333333
DepthFirstSearchPlanner,0.18562874251497005
DepthFirstSearchPlanner,0.22448979591836735
DepthFirstSearchPlanner,0.0273224043715847
DepthFirstSearchPlanner,0.1340782122905028
DepthFirstSearchPlanner,0.087248322147651
DepthFirstSearchPlanner,0.18562874251497005
DepthFirstSearchPlanner,0.1951219512195122
DepthFirstSearchPlanner,0.3064516129032258
DepthFirstSearchPlanner,0.30120481927710846
DepthFirstSearchPlanner,0.21323529411764705
DepthFirstSearchPlanner,0.1751412429378531
DepthFirstSearchPlanner,0.04455445544554455
DepthFirstSearchPlanner,0.05670103092783505
DepthFirstSearchPlanner,0.19827586206896552
DepthFirstSearchPlanner,0.1111111111111111
DepthFirstSearchPlanner,0.2484076433121019
DepthFirstSearchPlanner,0.12087912087912088
DepthFirstSearchPlanner,0.0913978494623656
DepthFirstSearchPlanner,0.06722689075630252
DepthFirstSearchPlanner,0.1891891891891892
DepthFirstSearchPlanner,0.09293680297397769
DepthFirstSearchPlanner,0.34210526315789475
DepthFirstSearchPlanner,0.11009174311926606
DepthFirstSearchPlanner,0.18072289156626506
DepthFirstSearchPlanner,0.19391634980988592
DepthFirstSearchPlanner,0.251063829787234
DepthFirstSearchPlanner,0.26666666666666666
DepthFirstSearchPlanner,0.06547619047619048
DepthFirstSearchPlanner,0.26881720430107525
DepthFirstSearchPlanner,0.11583924349881797
DepthFirstSearchPlanner,0.27692307692307694
DepthFirstSearchPlanner,0.24675324675324675
DepthFirstSearchPlanner,0.08270676691729323
DepthFirstSearchPlanner,0.12878787878787878
DepthFirstSearchPlanner,0.18471337579617833
DepthFirstSearchPlanner,0.1678832116788321
DepthFirstSearchPlanner,0.1111111111111111
DepthFirstSearchPlanner,0.07602339181286549
DepthFirstSearchPlanner,0.04371584699453552
DepthFirstSearchPlanner,0.1323529411764706
DepthFirstSearchPlanner,0.0829103214890017
DepthFirstSearchPlanner,0.1347517730496454
DepthFirstSearchPlanner,0.2558139534883721
DepthFirstSearchPlanner,0.10825688073394496
DepthFirstSearchPlanner,0.060810810810810814
DepthFirstSearchPlanner,0.1935483870967742
DepthFirstSearchPlanner,0.0847457627118644
DepthFirstSearchPlanner,0.4782608695652174
DepthFirstSearchPlanner,0.08503401360544217
DepthFirstSearchPlanner,0.06168831168831169
DepthFirstSearchPlanner,0.09640831758034027
DepthFirstSearchPlanner,0.10290237467018469
DepthFirstSearchPlanner,0.04895104895104895
DepthFirstSearchPlanner,0.056962025316455694
DepthFirstSearchPlanner,0.05660377358490566
DepthFirstSearchPlanner,0.16483516483516483
DepthFirstSearchPlanner,0.09967845659163987
DepthFirstSearchPlanner,0.07692307692307693
DepthFirstSearchPlanner,0.056433408577878104
DepthFirstSearchPlanner,0.06484641638225255
DepthFirstSearchPlanner,0.3333333333333333
DepthFirstSearchPlanner,0.07504363001745201
DepthFirstSearchPlanner,0.22448979591836735
DepthFirstSearchPlanner,0.0273224043715847
DepthFirstSearchPlanner,0.1291866028708134
DepthFirstSearchPlanner,0.087248322147651
DepthFirstSearchPlanner,0.26666666666666666
DepthFirstSearchPlanner,0.3064516129032258
DepthFirstSearchPlanner,0.30158730158730157
DepthFirstSearchPlanner,0.30120481927710846
DepthFirstSearchPlanner,0.3918918918918919
DepthFirstSearchPlanner,0.09967845659163987
DepthFirstSearchPlanner,0.055900621118012424
DepthFirstSearchPlanner,0.23076923076923078
DepthFirstSearchPlanner,0.12849162011173185
DepthFirstSearchPlanner,0.16981132075471697
DepthFirstSearchPlanner,0.23636363636363636
DepthFirstSearchPlanner,0.06111111111111111
DepthFirstSearchPlanner,0.11782477341389729
DepthFirstSearchPlanner,0.0975609756097561
DepthFirstSearchPlanner,0.08786610878661087
DepthFirstSearchPlanner,0.2032520325203252
DepthFirstSearchPlanner,0.12547528517110265
DepthFirstSearchPlanner,0.3466666666666667
DepthFirstSearchPlanner,0.4434782608695652
DepthFirstSearchPlanner,0.10869565217391304
DepthFirstSearchPlanner,0.39072847682119205
DepthFirstSearchPlanner,0.22085889570552147
DepthFirstSearchPlanner,0.19083969465648856
DepthFirstSearchPlanner,0.27071823204419887
DepthFirstSearchPlanner,0.26865671641791045
DepthFirstSearchPlanner,0.2714285714285714
DepthFirstSearchPlanner,0.17269076305220885
DepthFirstSearchPlanner,0.06748466257668712
DepthFirstSearchPlanner,0.18471337579617833
DepthFirstSearchPlanner,0.1678832116788321
DepthFirstSearchPlanner,0.1111111111111111
DepthFirstSearchPlanner,0.07602339181286549
DepthFirstSearchPlanner,0.04371584699453552
DepthFirstSearchPlanner,0.1323529411764706
DepthFirstSearchPlanner,0.0829103214890017
DepthFirstSearchPlanner,0.1347517730496454
DepthFirstSearchPlanner,0.2558139534883721
DepthFirstSearchPlanner,0.10825688073394496
DepthFirstSearchPlanner,0.060810810810810814
DepthFirstSearchPlanner,0.1935483870967742
DepthFirstSearchPlanner,0.0847457627118644
DepthFirstSearchPlanner,0.4782608695652174
DepthFirstSearchPlanner,0.08503401360544217
DepthFirstSearchPlanner,0.06168831168831169
DepthFirstSearchPlanner,0.09640831758034027
DepthFirstSearchPlanner,0.10290237467018469
DepthFirstSearchPlanner,0.04895104895104895
DepthFirstSearchPlanner,0.056962025316455694
DepthFirstSearchPlanner,0.05660377358490566
DepthFirstSearchPlanner,0.16483516483516483
DepthFirstSearchPlanner,0.09967845659163987
DepthFirstSearchPlanner,0.07692307692307693
DepthFirstSearchPlanner,0.056433408577878104
DepthFirstSearchPlanner,0.06484641638225255
DepthFirstSearchPlanner,0.04983388704318937
DepthFirstSearchPlanner,0.4782608695652174
DepthFirstSearchPlanner,0.05641025641025641
DepthFirstSearchPlanner,0.22448979591836735
DepthFirstSearchPlanner,0.36585365853658536
DepthFirstSearchPlanner,0.1267605633802817
DepthFirstSearchPlanner,0.06220095693779904
DepthFirstSearchPlanner,0.033942558746736295
DepthFirstSearchPlanner,0.1267605633802817
DepthFirstSearchPlanner,0.12435233160621761
DepthFirstSearchPlanner,0.09090909090909091
DepthFirstSearchPlanner,0.30120481927710846
DepthFirstSearchPlanner,0.4318181818181818
DepthFirstSearchPlanner,0.3918918918918919
DepthFirstSearchPlanner,0.05555555555555555
DepthFirstSearchPlanner,0.045925925925925926
DepthFirstSearchPlanner,0.20353982300884957
DepthFirstSearchPlanner,0.15853658536585366
DepthFirstSearchPlanner,0.16883116883116883
DepthFirstSearchPlanner,0.049689440993788817
DepthFirstSearchPlanner,0.13725490196078433
DepthFirstSearchPlanner,0.1134020618556701
DepthFirstSearchPlanner,0.2808988764044944
DepthFirstSearchPlanner,0.15028901734104047
DepthFirstSearchPlanner,0.17045454545454544
DepthFirstSearchPlanner,0.16612377850162866
DepthFirstSearchPlanner,0.2489451476793249
DepthFirstSearchPlanner,0.08904109589041095
DepthFirstSearchPlanner,0.375
DepthFirstSearchPlanner,0.1984126984126984
DepthFirstSearchPlanner,0.3684210526315789
DepthFirstSearchPlanner,0.27692307692307694
DepthFirstSearchPlanner,0.06637168141592921
DepthFirstSearchPlanner,0.11585365853658537
DepthFirstSearchPlanner,0.18471337579617833
DepthFirstSearchPlanner,0.1678832116788321
DepthFirstSearchPlanner,0.1111111111111111
DepthFirstSearchPlanner,0.07602339181286549
DepthFirstSearchPlanner,0.04371584699453552
DepthFirstSearchPlanner,0.1323529411764706
DepthFirstSearchPlanner,0.0829103214890017
DepthFirstSearchPlanner,0.1347517730496454
DepthFirstSearchPlanner,0.2558139534883721
DepthFirstSearchPlanner,0.10825688073394496
DepthFirstSearchPlanner,0.060810810810810814
DepthFirstSearchPlanner,0.1935483870967742
DepthFirstSearchPlanner,0.0847457627118644
DepthFirstSearchPlanner,0.4782608695652174
DepthFirstSearchPlanner,0.08503401360544217
DepthFirstSearchPlanner,0.06168831168831169
DepthFirstSearchPlanner,0.09640831758034027
DepthFirstSearchPlanner,0.10290237467018469
DepthFirstSearchPlanner,0.04895104895104895
DepthFirstSearchPlanner,0.056962025316455694
DepthFirstSearchPlanner,0.05660377358490566
DepthFirstSearchPlanner,0.16483516483516483
DepthFirstSearchPlanner,0.09967845659163987
DepthFirstSearchPlanner,0.07692307692307693
DepthFirstSearchPlanner,0.056433408577878104
DepthFirstSearchPlanner,0.06484641638225255
DepthFirstSearchPlanner,0.04983388704318937
DepthFirstSearchPlanner,0.07428571428571429
DepthFirstSearchPlanner,0.4782608695652174
DepthFirstSearchPlanner,0.05569007263922518
DepthFirstSearchPlanner,0.22448979591836735
DepthFirstSearchPlanner,0.36585365853658536
DepthFirstSearchPlanner,0.11304347826086956
DepthFirstSearchPlanner,0.03485254691689008
DepthFirstSearchPlanner,0.12435233160621761
DepthFirstSearchPlanner,0.4318181818181818
DepthFirstSearchPlanner,0.0892018779342723
DepthFirstSearchPlanner,0.30120481927710846
DepthFirstSearchPlanner,0.3918918918918919
DepthFirstSearchPlanner,0.05325443786982249
DepthFirstSearchPlanner,0.0575139146567718
DepthFirstSearchPlanner,0.20535714285714285
DepthFirstSearchPlanner,0.10317460317460317
DepthFirstSearchPlanner,0.12264150943396226
DepthFirstSearchPlanner,0.10803324099722991
DepthFirstSearchPlanner,0.08163265306122448
DepthFirstSearchPlanner,0.13725490196078433
DepthFirstSearchPlanner,0.2808988764044944
DepthFirstSearchPlanner,0.11330049261083744
DepthFirstSearchPlanner,0.15028901734104047
DepthFirstSearchPlanner,0.15789473684210525
DepthFirstSearchPlanner,0.1282051282051282
DepthFirstSearchPlanner,0.3422818791946309
DepthFirstSearchPlanner,0.2209737827715356
DepthFirstSearchPlanner,0.37894736842105264
DepthFirstSearchPlanner,0.20833333333333334
DepthFirstSearchPlanner,0.20164609053497942
DepthFirstSearchPlanner,0.1875
DepthFirstSearchPlanner,0.19480519480519481
DepthFirstSearchPlanner,0.2714285714285714
DepthFirstSearchPlanner,0.18471337579617833
DepthFirstSearchPlanner,0.1678832116788321
DepthFirstSearchPlanner,0.1111111111111111
DepthFirstSearchPlanner,0.07602339181286549
DepthFirstSearchPlanner,0.04371584699453552
DepthFirstSearchPlanner,0.1323529411764706
DepthFirstSearchPlanner,0.0829103214890017
DepthFirstSearchPlanner,0.1347517730496454
DepthFirstSearchPlanner,0.2558139534883721
DepthFirstSearchPlanner,0.10825688073394496
DepthFirstSearchPlanner,0.060810810810810814
DepthFirstSearchPlanner,0.1935483870967742
DepthFirstSearchPlanner,0.0847457627118644
DepthFirstSearchPlanner,0.4782608695652174
DepthFirstSearchPlanner,0.08503401360544217
DepthFirstSearchPlanner,0.06168831168831169
DepthFirstSearchPlanner,0.09640831758034027
DepthFirstSearchPlanner,0.10290237467018469
DepthFirstSearchPlanner,0.04895104895104895
DepthFirstSearchPlanner,0.056962025316455694
DepthFirstSearchPlanner,0.05660377358490566
DepthFirstSearchPlanner,0.16483516483516483
DepthFirstSearchPlanner,0.09967845659163987
DepthFirstSearchPlanner,0.07692307692307693
DepthFirstSearchPlanner,0.056433408577878104
DepthFirstSearchPlanner,0.06484641638225255
DepthFirstSearchPlanner,0.04983388704318937
DepthFirstSearchPlanner,0.07428571428571429
DepthFirstSearchPlanner,0.08636363636363636
DepthFirstSearchPlanner,0.4782608695652174
DepthFirstSearchPlanner,0.06692913385826772
DepthFirstSearchPlanner,0.22448979591836735
DepthFirstSearchPlanner,0.14018691588785046
DepthFirstSearchPlanner,0.09219858156028368
DepthFirstSearchPlanner,0.11764705882352941
DepthFirstSearchPlanner,0.4318181818181818
DepthFirstSearchPlanner,0.09359605911330049
DepthFirstSearchPlanner,0.3246753246753247
DepthFirstSearchPlanner,0.3918918918918919
DepthFirstSearchPlanner,0.04186046511627907
DepthFirstSearchPlanner,0.06638115631691649
DepthFirstSearchPlanner,0.20535714285714285
DepthFirstSearchPlanner,0.10317460317460317
DepthFirstSearchPlanner,0.12264150943396226
DepthFirstSearchPlanner,0.1111111111111111
DepthFirstSearchPlanner,0.07476635514018691
DepthFirstSearchPlanner,0.14285714285714285
DepthFirstSearchPlanner,0.19387755102040816
DepthFirstSearchPlanner,0.2032520325203252
DepthFirstSearchPlanner,0.15294117647058825
DepthFirstSearchPlanner,0.125
DepthFirstSearchPlanner,0.3333333333333333
DepthFirstSearchPlanner,0.39072847682119205
DepthFirstSearchPlanner,0.21176470588235294
DepthFirstSearchPlanner,0.09941520467836257
DepthFirstSearchPlanner,0.1497005988023952
DepthFirstSearchPlanner,0.24378109452736318
DepthFirstSearchPlanner,0.08530805687203792
DepthFirstSearchPlanner,0.3125
DepthFirstSearchPlanner,0.2714285714285714
RandomPlanner,0.8529411764705882
RandomPlanner,0.8518518518518519
RandomPlanner,0.7647058823529411
RandomPlanner,0.8125
RandomPlanner,0.34782608695652173
RandomPlanner,0.8181818181818182
RandomPlanner,0.8305084745762712
RandomPlanner,0.8260869565217391
RandomPlanner,0.3548387096774194
RandomPlanner,0.7866666666666666
RandomPlanner,0.6923076923076923
RandomPlanner,0.8
RandomPlanner,0.7575757575757576
RandomPlanner,0.8064516129032258
RandomPlanner,0.8636363636363636
RandomPlanner,0.864406779661017
RandomPlanner,0.7647058823529411
RandomPlanner,0.4117647058823529
RandomPlanner,0.375
RandomPlanner,0.5238095238095238
RandomPlanner,0.44
RandomPlanner,0.7647058823529411
RandomPlanner,0.7333333333333333
RandomPlanner,0.6756756756756757
RandomPlanner,0.3392857142857143
RandomPlanner,0.5714285714285714
RandomPlanner,0.7307692307692307
RandomPlanner,0.45098039215686275
RandomPlanner,0.2903225806451613
RandomPlanner,0.3577981651376147
RandomPlanner,0.84
RandomPlanner,0.8181818181818182
RandomPlanner,0.7419354838709677
RandomPlanner,0.36363636363636365
RandomPlanner,0.44144144144144143
RandomPlanner,0.6455696202531646
RandomPlanner,0.7272727272727273
RandomPlanner,0.5102040816326531
RandomPlanner,0.78125
RandomPlanner,0.7435897435897436
RandomPlanner,0.5098039215686274
RandomPlanner,0.6
RandomPlanner,0.5221238938053098
RandomPlanner,0.76
RandomPlanner,0.25
RandomPlanner,0.7619047619047619
RandomPlanner,0.72
RandomPlanner,0.7931034482758621
RandomPlanner,0.7777777777777778
RandomPlanner,0.6216216216216216
RandomPlanner,0.3220338983050847
RandomPlanner,0.6363636363636364
RandomPlanner,0.3
RandomPlanner,0.5714285714285714
RandomPlanner,0.8
RandomPlanner,0.6756756756756757
RandomPlanner,0.5
RandomPlanner,0.56
RandomPlanner,0.7931034482758621
RandomPlanner,0.47368421052631576
RandomPlanner,0.8787878787878788
RandomPlanner,0.7931034482758621
RandomPlanner,0.7878787878787878
RandomPlanner,0.7222222222222222
RandomPlanner,0.3076923076923077
RandomPlanner,0.8571428571428571
RandomPlanner,0.8909090909090909
RandomPlanner,0.8636363636363636
RandomPlanner,0.3548387096774194
RandomPlanner,0.7866666666666666
RandomPlanner,0.75
RandomPlanner,0.8571428571428571
RandomPlanner,0.7575757575757576
RandomPlanner,0.8333333333333334
RandomPlanner,0.7916666666666666
RandomPlanner,0.8095238095238095
RandomPlanner,0.8666666666666667
RandomPlanner,0.38181818181818183
RandomPlanner,0.375
RandomPlanner,0.45454545454545453
RandomPlanner,0.2682926829268293
RandomPlanner,0.44
RandomPlanner,0.4716981132075472
RandomPlanner,0.7647058823529411
RandomPlanner,0.59375
RandomPlanner,0.3939393939393939
RandomPlanner,0.43902439024390244
RandomPlanner,0.48717948717948717
RandomPlanner,0.2571428571428571
RandomPlanner,0.5
RandomPlanner,0.7101449275362319
RandomPlanner,0.6470588235294118
RandomPlanner,0.7777777777777778
RandomPlanner,0.4
RandomPlanner,0.7058823529411765
RandomPlanner,0.7931034482758621
RandomPlanner,0.49019607843137253
RandomPlanner,0.6455696202531646
RandomPlanner,0.8787878787878788
RandomPlanner,0.6190476190476191
RandomPlanner,0.30612244897959184
RandomPlanner,0.8333333333333334
RandomPlanner,0.2727272727272727
RandomPlanner,0.4
RandomPlanner,0.6483516483516484
RandomPlanner,0.3220338983050847
RandomPlanner,0.8
RandomPlanner,0.8148148148148148
RandomPlanner,0.8
RandomPlanner,0.5294117647058824
RandomPlanner,0.4358974358974359
RandomPlanner,0.3194444444444444
RandomPlanner,0.13761467889908258
RandomPlanner,0.7142857142857143
RandomPlanner,0.625
RandomPlanner,0.7096774193548387
RandomPlanner,0.76
RandomPlanner,0.4594594594594595
RandomPlanner,0.5094339622641509
RandomPlanner,0.7666666666666667
RandomPlanner,0.8285714285714286
RandomPlanner,0.7666666666666667
RandomPlanner,0.896551724137931
RandomPlanner,0.7222222222222222
RandomPlanner,0.3333333333333333
RandomPlanner,0.8
RandomPlanner,0.6901408450704225
RandomPlanner,0.8260869565217391
RandomPlanner,0.3142857142857143
RandomPlanner,0.7283950617283951
RandomPlanner,0.782608695652174
RandomPlanner,0.8275862068965517
RandomPlanner,0.7142857142857143
RandomPlanner,0.7352941176470589
RandomPlanner,0.9047619047619048
RandomPlanner,0.7611940298507462
RandomPlanner,0.7647058823529411
RandomPlanner,0.3559322033898305
RandomPlanner,0.36
RandomPlanner,0.4838709677419355
RandomPlanner,0.36585365853658536
RandomPlanner,0.7333333333333333
RandomPlanner,0.8461538461538461
RandomPlanner,0.4074074074074074
RandomPlanner,0.7647058823529411
RandomPlanner,0.3333333333333333
RandomPlanner,0.8064516129032258
RandomPlanner,0.45454545454545453
RandomPlanner,0.3584905660377358
RandomPlanner,0.34615384615384615
RandomPlanner,0.09090909090909091
RandomPlanner,0.28125
RandomPlanner,0.5428571428571428
RandomPlanner,0.41935483870967744
RandomPlanner,0.7878787878787878
RandomPlanner,0.7241379310344828
RandomPlanner,0.8275862068965517
RandomPlanner,0.8518518518518519
RandomPlanner,0.7142857142857143
RandomPlanner,0.4166666666666667
RandomPlanner,0.8360655737704918
RandomPlanner,0.5434782608695652
RandomPlanner,0.6904761904761905
RandomPlanner,0.5384615384615384
RandomPlanner,0.6533333333333333
RandomPlanner,0.8421052631578947
RandomPlanner,0.5619047619047619
RandomPlanner,0.8536585365853658
RandomPlanner,0.26153846153846155
RandomPlanner,0.8
RandomPlanner,0.35714285714285715
RandomPlanner,0.3181818181818182
RandomPlanner,0.6956521739130435
RandomPlanner,0.4915254237288136
RandomPlanner,0.7419354838709677
RandomPlanner,0.813953488372093
RandomPlanner,0.6896551724137931
RandomPlanner,0.5862068965517241
RandomPlanner,0.4603174603174603
RandomPlanner,0.7931034482758621
RandomPlanner,0.8529411764705882
RandomPlanner,0.8214285714285714
RandomPlanner,0.8125
RandomPlanner,0.8125
RandomPlanner,0.34782608695652173
RandomPlanner,0.8571428571428571
RandomPlanner,0.8032786885245902
RandomPlanner,0.8636363636363636
RandomPlanner,0.3142857142857143
RandomPlanner,0.855072463768116
RandomPlanner,0.782608695652174
RandomPlanner,0.75
RandomPlanner,0.7575757575757576
RandomPlanner,0.78125
RandomPlanner,0.7916666666666666
RandomPlanner,0.864406779661017
RandomPlanner,0.8297872340425532
RandomPlanner,0.3684210526315789
RandomPlanner,0.3333333333333333
RandomPlanner,0.4838709677419355
RandomPlanner,0.40540540540540543
RandomPlanner,0.6595744680851063
RandomPlanner,0.8461538461538461
RandomPlanner,0.7333333333333333
RandomPlanner,0.6190476190476191
RandomPlanner,0.24752475247524752
RandomPlanner,0.4074074074074074
RandomPlanner,0.36585365853658536
RandomPlanner,0.2542372881355932
RandomPlanner,0.8260869565217391
RandomPlanner,0.2857142857142857
RandomPlanner,0.32727272727272727
RandomPlanner,0.4418604651162791
RandomPlanner,0.42857142857142855
RandomPlanner,0.34831460674157305
RandomPlanner,0.5294117647058824
RandomPlanner,0.7419354838709677
RandomPlanner,0.84
RandomPlanner,0.8095238095238095
RandomPlanner,0.6901408450704225
RandomPlanner,0.2727272727272727
RandomPlanner,0.5172413793103449
RandomPlanner,0.5208333333333334
RandomPlanner,0.5714285714285714
RandomPlanner,0.7878787878787878
RandomPlanner,0.7837837837837838
RandomPlanner,0.8367346938775511
RandomPlanner,0.7108433734939759
RandomPlanner,0.813953488372093
RandomPlanner,0.7659574468085106
RandomPlanner,0.2786885245901639
RandomPlanner,0.5272727272727272
RandomPlanner,0.6666666666666666
RandomPlanner,0.2903225806451613
RandomPlanner,0.3191489361702128
RandomPlanner,0.6140350877192983
RandomPlanner,0.5774647887323944
RandomPlanner,0.7837837837837838
RandomPlanner,0.6296296296296297
RandomPlanner,0.5882352941176471
RandomPlanner,0.8055555555555556
RandomPlanner,0.71875
RandomPlanner,0.8387096774193549
RandomPlanner,0.8125
RandomPlanner,0.3333333333333333
RandomPlanner,0.8181818181818182
RandomPlanner,0.8032786885245902
RandomPlanner,0.8260869565217391
RandomPlanner,0.3142857142857143
RandomPlanner,0.855072463768116
RandomPlanner,0.8571428571428571
RandomPlanner,0.7741935483870968
RandomPlanner,0.8064516129032258
RandomPlanner,0.8620689655172413
RandomPlanner,0.7916666666666666
RandomPlanner,0.8360655737704918
RandomPlanner,0.7090909090909091
RandomPlanner,0.4117647058823529
RandomPlanner,0.36
RandomPlanner,0.45454545454545453
RandomPlanner,0.38461538461538464
RandomPlanner,0.8378378378378378
RandomPlanner,0.37142857142857144
RandomPlanner,0.5789473684210527
RandomPlanner,0.6756756756756757
RandomPlanner,0.6842105263157895
RandomPlanner,0.8461538461538461
RandomPlanner,0.3793103448275862
RandomPlanner,0.48148148148148145
RandomPlanner,0.2605042016806723
RandomPlanner,0.7142857142857143
RandomPlanner,0.46153846153846156
RandomPlanner,0.15217391304347827
RandomPlanner,0.0975609756097561
RandomPlanner,0.3958333333333333
RandomPlanner,0.1323529411764706
RandomPlanner,0.8260869565217391
RandomPlanner,0.39622641509433965
RandomPlanner,0.6610169491525424
RandomPlanner,0.8064516129032258
RandomPlanner,0.7931034482758621
RandomPlanner,0.4666666666666667
RandomPlanner,0.8275862068965517
RandomPlanner,0.7674418604651163
RandomPlanner,0.5604395604395604
RandomPlanner,0.8214285714285714
RandomPlanner,0.48148148148148145
RandomPlanner,0.36
RandomPlanner,0.5
RandomPlanner,0.6111111111111112
RandomPlanner,0.5728155339805825
RandomPlanner,0.8055555555555556
RandomPlanner,0.5945945945945946
RandomPlanner,0.7659574468085106
RandomPlanner,0.7931034482758621
RandomPlanner,0.28205128205128205
RandomPlanner,0.8461538461538461
RandomPlanner,0.574468085106383
RandomPlanner,0.5
RandomPlanner,0.6875
RandomPlanner,0.8285714285714286
RandomPlanner,0.8518518518518519
RandomPlanner,0.8387096774193549
RandomPlanner,0.7647058823529411
RandomPlanner,0.27586206896551724
RandomPlanner,0.8780487804878049
RandomPlanner,0.8032786885245902
RandomPlanner,0.8260869565217391
RandomPlanner,0.3548387096774194
RandomPlanner,0.8805970149253731
RandomPlanner,0.782608695652174
RandomPlanner,0.8275862068965517
RandomPlanner,0.6756756756756757
RandomPlanner,0.8064516129032258
RandomPlanner,0.76
RandomPlanner,0.7611940298507462
RandomPlanner,0.7959183673469388
RandomPlanner,0.39622641509433965
RandomPlanner,0.375
RandomPlanner,0.5357142857142857
RandomPlanner,0.40540540540540543
RandomPlanner,0.8857142857142857
RandomPlanner,0.37142857142857144
RandomPlanner,0.5102040816326531
RandomPlanner,0.8461538461538461
RandomPlanner,0.8461538461538461
RandomPlanner,0.44
RandomPlanner,0.6190476190476191
RandomPlanner,0.4025974025974026
RandomPlanner,0.07344632768361582
RandomPlanner,0.7142857142857143
RandomPlanner,0.7575757575757576
RandomPlanner,0.8857142857142857
RandomPlanner,0.5428571428571428
RandomPlanner,0.5294117647058824
RandomPlanner,0.2647058823529412
RandomPlanner,0.38613861386138615
RandomPlanner,0.36538461538461536
RandomPlanner,0.7575757575757576
RandomPlanner,0.7419354838709677
RandomPlanner,0.7777777777777778
RandomPlanner,0.5333333333333333
RandomPlanner,0.4166666666666667
RandomPlanner,0.15384615384615385
RandomPlanner,0.4166666666666667
RandomPlanner,0.8275862068965517
RandomPlanner,0.8032786885245902
RandomPlanner,0.7878787878787878
RandomPlanner,0.46296296296296297
RandomPlanner,0.7108433734939759
RandomPlanner,0.5862068965517241
RandomPlanner,0.5
RandomPlanner,0.8787878787878788
RandomPlanner,0.7948717948717948
RandomPlanner,0.7333333333333333
RandomPlanner,0.5806451612903226
RandomPlanner,0.43478260869565216
RandomPlanner,0.34375
RandomPlanner,0.4230769230769231
RandomPlanner,0.6
RandomPlanner,0.7631578947368421
RandomPlanner,0.71875
RandomPlanner,0.7878787878787878
RandomPlanner,0.7647058823529411
RandomPlanner,0.3333333333333333
RandomPlanner,0.8181818181818182
RandomPlanner,0.7777777777777778
RandomPlanner,0.9047619047619048
RandomPlanner,0.3548387096774194
RandomPlanner,0.8082191780821918
RandomPlanner,0.72
RandomPlanner,0.7741935483870968
RandomPlanner,0.6410256410256411
RandomPlanner,0.78125
RandomPlanner,0.8636363636363636
RandomPlanner,0.7846153846153846
RandomPlanner,0.639344262295082
RandomPlanner,0.39622641509433965
RandomPlanner,0.375
RandomPlanner,0.5
RandomPlanner,0.3488372093023256
RandomPlanner,0.8857142857142857
RandomPlanner,0.37142857142857144
RandomPlanner,0.5555555555555556
RandomPlanner,0.8260869565217391
RandomPlanner,0.3142857142857143
RandomPlanner,0.15447154471544716
RandomPlanner,0.0658682634730539
RandomPlanner,0.1780821917808219
RandomPlanner,0.36470588235294116
RandomPlanner,0.11304347826086956
RandomPlanner,0.8064516129032258
RandomPlanner,0.76
RandomPlanner,0.7333333333333333
RandomPlanner,0.7894736842105263
RandomPlanner,0.3584905660377358
RandomPlanner,0.7575757575757576
RandomPlanner,0.5
RandomPlanner,0.18
RandomPlanner,0.5294117647058824
RandomPlanner,0.4117647058823529
RandomPlanner,0.8113207547169812
RandomPlanner,0.3488372093023256
RandomPlanner,0.5853658536585366
RandomPlanner,0.3644859813084112
RandomPlanner,0.38461538461538464
RandomPlanner,0.6901408450704225
RandomPlanner,0.696969696969697
RandomPlanner,0.4716981132075472
RandomPlanner,0.7391304347826086
RandomPlanner,0.7428571428571429
RandomPlanner,0.2894736842105263
RandomPlanner,0.5728155339805825
RandomPlanner,0.8529411764705882
RandomPlanner,0.3770491803278688
RandomPlanner,0.8181818181818182
RandomPlanner,0.7543859649122807
RandomPlanner,0.625
RandomPlanner,0.55
RandomPlanner,0.5609756097560976
RandomPlanner,0.8529411764705882
RandomPlanner,0.8214285714285714
RandomPlanner,0.8387096774193549
RandomPlanner,0.7222222222222222
RandomPlanner,0.32
RandomPlanner,0.8372093023255814
RandomPlanner,0.7313432835820896
RandomPlanner,0.7916666666666666
RandomPlanner,0.3333333333333333
RandomPlanner,0.8082191780821918
RandomPlanner,0.782608695652174
RandomPlanner,0.8
RandomPlanner,0.7142857142857143
RandomPlanner,0.8620689655172413
RandomPlanner,0.8260869565217391
RandomPlanner,0.8095238095238095
RandomPlanner,0.7358490566037735
RandomPlanner,0.3559322033898305
RandomPlanner,0.375
RandomPlanner,0.46875
RandomPlanner,0.38461538461538464
RandomPlanner,0.7948717948717948
RandomPlanner,0.3939393939393939
RandomPlanner,0.5102040816326531
RandomPlanner,0.9047619047619048
RandomPlanner,0.6818181818181818
RandomPlanner,0.8461538461538461
RandomPlanner,0.1623931623931624
RandomPlanner,0.7333333333333333
RandomPlanner,0.4782608695652174
RandomPlanner,0.3939393939393939
RandomPlanner,0.7647058823529411
RandomPlanner,0.7575757575757576
RandomPlanner,0.7894736842105263
RandomPlanner,0.8378378378378378
RandomPlanner,0.1506849315068493
RandomPlanner,0.45454545454545453
RandomPlanner,0.5625
RandomPlanner,0.7916666666666666
RandomPlanner,0.8636363636363636
RandomPlanner,0.49019607843137253
RandomPlanner,0.5
RandomPlanner,0.23076923076923078
RandomPlanner,0.7419354838709677
RandomPlanner,0.47368421052631576
RandomPlanner,0.5342465753424658
RandomPlanner,0.8333333333333334
RandomPlanner,0.52
RandomPlanner,0.7272727272727273
RandomPlanner,0.84
RandomPlanner,0.8387096774193549
RandomPlanner,0.8095238095238095
RandomPlanner,0.7894736842105263
RandomPlanner,0.6533333333333333
RandomPlanner,0.8055555555555556
RandomPlanner,0.8309859154929577
RandomPlanner,0.782608695652174
RandomPlanner,0.14754098360655737
RandomPlanner,0.3333333333333333
RandomPlanner,0.7857142857142857
RandomPlanner,0.8285714285714286
RandomPlanner,0.7666666666666667
RandomPlanner,0.8125
RandomPlanner,0.7222222222222222
RandomPlanner,0.3333333333333333
RandomPlanner,0.8372093023255814
RandomPlanner,0.8305084745762712
RandomPlanner,0.8636363636363636
RandomPlanner,0.3142857142857143
RandomPlanner,0.7866666666666666
RandomPlanner,0.8181818181818182
RandomPlanner,0.7741935483870968
RandomPlanner,0.6410256410256411
RandomPlanner,0.78125
RandomPlanner,0.76
RandomPlanner,0.8095238095238095
RandomPlanner,0.7358490566037735
RandomPlanner,0.39622641509433965
RandomPlanner,0.36
RandomPlanner,0.5
RandomPlanner,0.36585365853658536
RandomPlanner,0.7560975609756098
RandomPlanner,0.35135135135135137
RandomPlanner,0.49019607843137253
RandomPlanner,0.9047619047619048
RandomPlanner,0.6818181818181818
RandomPlanner,0.5909090909090909
RandomPlanner,0.6470588235294118
RandomPlanner,0.14728682170542637
RandomPlanner,0.7333333333333333
RandomPlanner,0.4074074074074074
RandomPlanner,0.5
RandomPlanner,0.2
RandomPlanner,0.8064516129032258
RandomPlanner,0.7894736842105263
RandomPlanner,0.37349397590361444
RandomPlanner,0.41304347826086957
RandomPlanner,0.46875
RandomPlanner,0.28888888888888886
RandomPlanner,0.09302325581395349
RandomPlanner,0.1651376146788991
RandomPlanner,0.36538461538461536
RandomPlanner,0.3770491803278688
RandomPlanner,0.8064516129032258
RandomPlanner,0.84
RandomPlanner,0.375
RandomPlanner,0.7666666666666667
RandomPlanner,0.28888888888888886
RandomPlanner,0.8888888888888888
RandomPlanner,0.5384615384615384
RandomPlanner,0.45454545454545453
RandomPlanner,0.6190476190476191
RandomPlanner,0.4716981132075472
RandomPlanner,0.6610169491525424
RandomPlanner,0.7846153846153846
RandomPlanner,0.725
RandomPlanner,0.6781609195402298
RandomPlanner,0.8372093023255814
RandomPlanner,0.5111111111111111
RandomPlanner,0.6190476190476191
RandomPlanner,0.725
RandomPlanner,0.8214285714285714
RandomPlanner,0.8387096774193549
RandomPlanner,0.65
RandomPlanner,0.32
RandomPlanner,0.8571428571428571
RandomPlanner,0.8305084745762712
RandomPlanner,0.76
RandomPlanner,0.3548387096774194
RandomPlanner,0.7866666666666666
RandomPlanner,0.782608695652174
RandomPlanner,0.8275862068965517
RandomPlanner,0.7142857142857143
RandomPlanner,0.8333333333333334
RandomPlanner,0.8636363636363636
RandomPlanner,0.8095238095238095
RandomPlanner,0.8297872340425532
RandomPlanner,0.38181818181818183
RandomPlanner,0.36
RandomPlanner,0.5172413793103449
RandomPlanner,0.40540540540540543
RandomPlanner,0.8378378378378378
RandomPlanner,0.3939393939393939
RandomPlanner,0.5813953488372093
RandomPlanner,0.6551724137931034
RandomPlanner,0.75
RandomPlanner,0.7222222222222222
RandomPlanner,0.7916666666666666
RandomPlanner,0.7333333333333333
RandomPlanner,0.10734463276836158
RandomPlanner,0.7333333333333333
RandomPlanner,0.44
RandomPlanner,0.7142857142857143
RandomPlanner,0.4482758620689655
RandomPlanner,0.3488372093023256
RandomPlanner,0.8378378378378378
RandomPlanner,0.20634920634920634
RandomPlanner,0.46875
RandomPlanner,0.34210526315789475
RandomPlanner,0.16339869281045752
RandomPlanner,0.35185185185185186
RandomPlanner,0.2463768115942029
RandomPlanner,0.32142857142857145
RandomPlanner,0.2846715328467153
RandomPlanner,0.7916666666666666
RandomPlanner,0.7916666666666666
RandomPlanner,0.14545454545454545
RandomPlanner,0.5625
RandomPlanner,0.7419354838709677
RandomPlanner,0.7777777777777778
RandomPlanner,0.5764705882352941
RandomPlanner,0.8571428571428571
RandomPlanner,0.8064516129032258
RandomPlanner,0.42857142857142855
RandomPlanner,0.8666666666666667
RandomPlanner,0.4594594594594595
RandomPlanner,0.7283950617283951
RandomPlanner,0.7073170731707317
RandomPlanner,0.7058823529411765
RandomPlanner,0.8095238095238095
